path,component,importPath,file,status,placeholderData,mockTokens,usesApiClient,routeFile
*,NotFoundPage,@/pages/NotFoundPage,frontend/src/pages/NotFoundPage.tsx,likely-real,0,0,0,frontend/src/routes/index.tsx
warehouse/locations,WarehouseLocationsPage,@/modules/warehouse/WarehouseLocationsPage,frontend/src/modules/warehouse/WarehouseLocationsPage.tsx,partial,1,4,0,frontend/src/routes/warehouseRoutes.tsx
warehouse/stock,StockPage,@/modules/warehouse/StockPage,frontend/src/modules/warehouse/StockPage.tsx,likely-real,0,0,1,frontend/src/routes/warehouseRoutes.tsx
warehouse/materials,MaterialListPage,@/modules/warehouse/MaterialListPage,frontend/src/modules/warehouse/MaterialListPage.tsx,likely-real,0,0,1,frontend/src/routes/warehouseRoutes.tsx
warehouse/materials/new,MaterialFormPage,@/modules/warehouse/MaterialFormPage,frontend/src/modules/warehouse/MaterialFormPage.tsx,likely-real,0,0,1,frontend/src/routes/warehouseRoutes.tsx
warehouse/materials/:id,MaterialDetailPage,@/modules/warehouse/MaterialDetailPage,frontend/src/modules/warehouse/MaterialDetailPage.tsx,partial,0,7,0,frontend/src/routes/warehouseRoutes.tsx
warehouse/materials/:id/edit,MaterialFormPage,@/modules/warehouse/MaterialFormPage,frontend/src/modules/warehouse/MaterialFormPage.tsx,likely-real,0,0,1,frontend/src/routes/warehouseRoutes.tsx
warehouse/movements,MovementListPage,@/modules/warehouse/MovementListPage,frontend/src/modules/warehouse/MovementListPage.tsx,likely-real,0,0,1,frontend/src/routes/warehouseRoutes.tsx
warehouse/movements/board,MovementBoardPage,@/modules/warehouse/MovementBoardPage,frontend/src/modules/warehouse/MovementBoardPage.tsx,likely-real,0,0,0,frontend/src/routes/warehouseRoutes.tsx
warehouse/movements/new,MovementFormPage,@/modules/warehouse/MovementFormPage,frontend/src/modules/warehouse/MovementFormPage.tsx,likely-real,0,0,1,frontend/src/routes/warehouseRoutes.tsx
warehouse/movements/:id/edit,MovementFormPage,@/modules/warehouse/MovementFormPage,frontend/src/modules/warehouse/MovementFormPage.tsx,likely-real,0,0,1,frontend/src/routes/warehouseRoutes.tsx
warehouse/inventory,InventoryPage,@/modules/warehouse/InventoryPage,frontend/src/modules/warehouse/InventoryPage.tsx,partial,1,4,0,frontend/src/routes/warehouseRoutes.tsx
warehouse/stock-limits,StockLimitsPage,@/modules/warehouse/StockLimitsPage,frontend/src/modules/warehouse/StockLimitsPage.tsx,likely-real,0,0,1,frontend/src/routes/warehouseRoutes.tsx
warehouse/stock-alerts,StockAlertsPage,@/modules/warehouse/StockAlertsPage,frontend/src/modules/warehouse/StockAlertsPage.tsx,likely-real,0,0,1,frontend/src/routes/warehouseRoutes.tsx
operations/daily-logs,OperationsDailyLogsPage,@/modules/operations/OperationsDailyLogsPage,frontend/src/modules/operations/OperationsDailyLogsPage.tsx,likely-real,0,0,0,frontend/src/routes/operationsRoutes.tsx
operations/daily-logs/new,DailyLogCreatePage,@/modules/operations/DailyLogCreatePage,frontend/src/modules/operations/DailyLogCreatePage.tsx,likely-real,0,0,0,frontend/src/routes/operationsRoutes.tsx
operations/daily-logs/:id,DailyLogDetailPage,@/modules/operations/DailyLogDetailPage,frontend/src/modules/operations/DailyLogDetailPage.tsx,partial,0,16,0,frontend/src/routes/operationsRoutes.tsx
operations/work-orders,WorkOrdersPage,@/modules/operations/WorkOrdersPage,frontend/src/modules/operations/WorkOrdersPage.tsx,likely-real,0,0,0,frontend/src/routes/operationsRoutes.tsx
operations/work-orders/board,WorkOrderBoardPage,@/modules/operations/WorkOrderBoardPage,frontend/src/modules/operations/WorkOrderBoardPage.tsx,likely-real,0,0,0,frontend/src/routes/operationsRoutes.tsx
operations/work-orders/:id,WorkOrderDetailPage,@/modules/operations/WorkOrderDetailPage,frontend/src/modules/operations/WorkOrderDetailPage.tsx,partial,1,0,0,frontend/src/routes/operationsRoutes.tsx
operations/dashboard,OperationsDashboardPage,@/modules/operations/OperationsDashboardPage,frontend/src/modules/operations/OperationsDashboardPage.tsx,partial,0,4,0,frontend/src/routes/operationsRoutes.tsx
operations/dispatch-calendar,DispatchCalendarPage,@/modules/operations/DispatchCalendarPage,frontend/src/modules/operations/DispatchCalendarPage.tsx,partial,0,4,0,frontend/src/routes/operationsRoutes.tsx
fleet,FleetListPage,@/modules/fleet/FleetListPage,frontend/src/modules/fleet/FleetListPage.tsx,likely-real,0,0,1,frontend/src/routes/operationsRoutes.tsx
fleet/new,FleetVehicleFormPage,@/modules/fleet/FleetVehicleFormPage,frontend/src/modules/fleet/FleetVehicleFormPage.tsx,likely-real,0,0,1,frontend/src/routes/operationsRoutes.tsx
fleet/:id,FleetDetailPage,@/modules/fleet/FleetDetailPage,frontend/src/modules/fleet/FleetDetailPage.tsx,partial,1,4,1,frontend/src/routes/operationsRoutes.tsx
fleet/:id/edit,FleetVehicleFormPage,@/modules/fleet/FleetVehicleFormPage,frontend/src/modules/fleet/FleetVehicleFormPage.tsx,likely-real,0,0,1,frontend/src/routes/operationsRoutes.tsx
fleet/maintenance,MaintenancePage,@/modules/fleet/MaintenancePage,frontend/src/modules/fleet/MaintenancePage.tsx,partial,1,7,0,frontend/src/routes/operationsRoutes.tsx
fleet/maintenance/board,FleetMaintenanceBoardPage,@/modules/fleet/FleetMaintenanceBoardPage,frontend/src/modules/fleet/FleetMaintenanceBoardPage.tsx,likely-real,0,0,0,frontend/src/routes/operationsRoutes.tsx
fleet/fuel,FuelPage,@/modules/fleet/FuelPage,frontend/src/modules/fleet/FuelPage.tsx,likely-real,0,0,1,frontend/src/routes/operationsRoutes.tsx
iot/devices,DevicesPage,@/modules/iot/DevicesPage,frontend/src/modules/iot/DevicesPage.tsx,likely-real,0,0,0,frontend/src/routes/operationsRoutes.tsx
iot/devices/:id,DeviceDetailPage,@/modules/iot/DeviceDetailPage,frontend/src/modules/iot/DeviceDetailPage.tsx,partial,2,11,1,frontend/src/routes/operationsRoutes.tsx
iot/sensors,SensorsPage,@/modules/iot/SensorsPage,frontend/src/modules/iot/SensorsPage.tsx,partial,1,7,1,frontend/src/routes/operationsRoutes.tsx
iot/alerts,AlertsPage,@/modules/iot/AlertsPage,frontend/src/modules/iot/AlertsPage.tsx,likely-real,0,0,1,frontend/src/routes/operationsRoutes.tsx
maintenance/requests,MaintenanceRequestListPage,@/modules/maintenance/MaintenanceRequestListPage,frontend/src/modules/maintenance/MaintenanceRequestListPage.tsx,likely-real,0,0,1,frontend/src/routes/operationsRoutes.tsx
maintenance/requests/new,MaintenanceRequestFormPage,@/modules/maintenance/MaintenanceRequestFormPage,frontend/src/modules/maintenance/MaintenanceRequestFormPage.tsx,partial,1,3,1,frontend/src/routes/operationsRoutes.tsx
maintenance/requests/:id/edit,MaintenanceRequestFormPage,@/modules/maintenance/MaintenanceRequestFormPage,frontend/src/modules/maintenance/MaintenanceRequestFormPage.tsx,partial,1,3,1,frontend/src/routes/operationsRoutes.tsx
maintenance/board,MaintenanceBoardPage,@/modules/maintenance/MaintenanceBoardPage,frontend/src/modules/maintenance/MaintenanceBoardPage.tsx,likely-real,0,0,0,frontend/src/routes/operationsRoutes.tsx
maintenance/equipment,EquipmentListPage,@/modules/maintenance/EquipmentListPage,frontend/src/modules/maintenance/EquipmentListPage.tsx,likely-real,0,0,1,frontend/src/routes/operationsRoutes.tsx
maintenance/dashboard,MaintenanceDashboardPage,@/modules/maintenance/MaintenanceDashboardPage,frontend/src/modules/maintenance/MaintenanceDashboardPage.tsx,likely-real,0,0,1,frontend/src/routes/operationsRoutes.tsx
dispatch/orders,DispatchOrderListPage,@/modules/dispatch/DispatchOrderListPage,frontend/src/modules/dispatch/DispatchOrderListPage.tsx,partial,1,7,1,frontend/src/routes/operationsRoutes.tsx
dispatch/orders/new,DispatchOrderFormPage,@/modules/dispatch/DispatchOrderFormPage,frontend/src/modules/dispatch/DispatchOrderFormPage.tsx,likely-real,0,0,1,frontend/src/routes/operationsRoutes.tsx
dispatch/orders/:id/edit,DispatchOrderFormPage,@/modules/dispatch/DispatchOrderFormPage,frontend/src/modules/dispatch/DispatchOrderFormPage.tsx,likely-real,0,0,1,frontend/src/routes/operationsRoutes.tsx
dispatch/routes,DispatchRouteListPage,@/modules/dispatch/DispatchRouteListPage,frontend/src/modules/dispatch/DispatchRouteListPage.tsx,partial,1,7,1,frontend/src/routes/operationsRoutes.tsx
mobile/reports,MobileReportsPage,@/modules/mobile/MobileReportsPage,frontend/src/modules/mobile/MobileReportsPage.tsx,likely-real,0,0,1,frontend/src/routes/operationsRoutes.tsx
mobile/reports/new,MobileReportNewPage,@/modules/mobile/MobileReportNewPage,frontend/src/modules/mobile/MobileReportNewPage.tsx,likely-real,0,0,1,frontend/src/routes/operationsRoutes.tsx
mobile/photos,MobilePhotosPage,@/modules/mobile/MobilePhotosPage,frontend/src/modules/mobile/MobilePhotosPage.tsx,likely-real,0,0,1,frontend/src/routes/operationsRoutes.tsx
mobile/dashboard,MobileDashboardPage,@/modules/mobile/MobileDashboardPage,frontend/src/modules/mobile/MobileDashboardPage.tsx,likely-real,0,9,1,frontend/src/routes/operationsRoutes.tsx
support/tickets,SupportTicketsPage,@/modules/support/SupportTicketsPage,frontend/src/modules/support/SupportTicketsPage.tsx,likely-real,0,0,0,frontend/src/routes/operationsRoutes.tsx
support/tickets/board,TicketBoardPage,@/modules/support/TicketBoardPage,frontend/src/modules/support/TicketBoardPage.tsx,likely-real,0,0,0,frontend/src/routes/operationsRoutes.tsx
support/tickets/:id,SupportTicketDetailPage,@/modules/support/SupportTicketDetailPage,frontend/src/modules/support/SupportTicketDetailPage.tsx,likely-real,0,0,0,frontend/src/routes/operationsRoutes.tsx
support/dashboard,SupportDashboardPage,@/modules/support/SupportDashboardPage,frontend/src/modules/support/SupportDashboardPage.tsx,partial,1,7,1,frontend/src/routes/operationsRoutes.tsx
cde/documents,DocumentContainerListPage,@/modules/cde/DocumentContainerListPage,frontend/src/modules/cde/DocumentContainerListPage.tsx,likely-real,0,0,0,frontend/src/routes/documentRoutes.tsx
cde/documents/:id,DocumentContainerDetailPage,@/modules/cde/DocumentContainerDetailPage,frontend/src/modules/cde/DocumentContainerDetailPage.tsx,partial,1,4,0,frontend/src/routes/documentRoutes.tsx
cde/transmittals,TransmittalListPage,@/modules/cde/TransmittalListPage,frontend/src/modules/cde/TransmittalListPage.tsx,partial,1,4,0,frontend/src/routes/documentRoutes.tsx
cde/transmittals/:id,TransmittalDetailPage,@/modules/cde/TransmittalDetailPage,frontend/src/modules/cde/TransmittalDetailPage.tsx,likely-real,0,0,0,frontend/src/routes/documentRoutes.tsx
russian-docs/list,RussianDocListPage,@/modules/russianDocs/RussianDocListPage,frontend/src/modules/russianDocs/RussianDocListPage.tsx,likely-real,0,0,0,frontend/src/routes/documentRoutes.tsx
russian-docs/create,DocumentCreatePage,@/modules/russianDocs/DocumentCreatePage,frontend/src/modules/russianDocs/DocumentCreatePage.tsx,likely-real,0,0,1,frontend/src/routes/documentRoutes.tsx
russian-docs/ks2,Ks2GeneratorPage,@/modules/russianDocs/Ks2GeneratorPage,frontend/src/modules/russianDocs/Ks2GeneratorPage.tsx,likely-real,0,0,0,frontend/src/routes/documentRoutes.tsx
russian-docs/ks3,Ks3GeneratorPage,@/modules/russianDocs/Ks3GeneratorPage,frontend/src/modules/russianDocs/Ks3GeneratorPage.tsx,likely-real,0,0,0,frontend/src/routes/documentRoutes.tsx
russian-docs/:id,DocumentDetailPage,@/modules/russianDocs/DocumentDetailPage,frontend/src/modules/russianDocs/DocumentDetailPage.tsx,partial,2,10,1,frontend/src/routes/documentRoutes.tsx
russian-docs/sbis,SbisDocumentsPage,@/modules/russianDocs/SbisDocumentsPage,frontend/src/modules/russianDocs/SbisDocumentsPage.tsx,likely-real,0,0,1,frontend/src/routes/documentRoutes.tsx
russian-docs/edo,EdoDocumentsPage,@/modules/russianDocs/EdoDocumentsPage,frontend/src/modules/russianDocs/EdoDocumentsPage.tsx,likely-real,0,0,1,frontend/src/routes/documentRoutes.tsx
data-exchange/import,DataImportPage,@/modules/dataExchange/ImportJobListPage,frontend/src/modules/dataExchange/ImportJobListPage.tsx,likely-real,0,0,1,frontend/src/routes/documentRoutes.tsx
data-exchange/export,DataExportPage,@/modules/dataExchange/ExportJobListPage,frontend/src/modules/dataExchange/ExportJobListPage.tsx,likely-real,0,0,1,frontend/src/routes/documentRoutes.tsx
data-exchange/mapping,DataMappingPage,@/modules/dataExchange/MappingConfigPage,frontend/src/modules/dataExchange/MappingConfigPage.tsx,likely-real,0,0,1,frontend/src/routes/documentRoutes.tsx
data-exchange/1c-config,OneCConfigPage,@/modules/dataExchange/OneCConfigPage,frontend/src/modules/dataExchange/OneCConfigPage.tsx,likely-real,0,0,1,frontend/src/routes/documentRoutes.tsx
data-exchange/1c-logs,OneCExchangeLogPage,@/modules/dataExchange/OneCExchangeLogPage,frontend/src/modules/dataExchange/OneCExchangeLogPage.tsx,partial,1,7,1,frontend/src/routes/documentRoutes.tsx
pto/documents,PtoDocumentListPage,@/modules/pto/PtoDocumentListPage,frontend/src/modules/pto/PtoDocumentListPage.tsx,partial,1,4,0,frontend/src/routes/documentRoutes.tsx
pto/documents/board,PtoDocumentBoardPage,@/modules/pto/PtoDocumentBoardPage,frontend/src/modules/pto/PtoDocumentBoardPage.tsx,likely-real,0,0,0,frontend/src/routes/documentRoutes.tsx
pto/documents/new,PtoDocumentFormPage,@/modules/pto/PtoDocumentFormPage,frontend/src/modules/pto/PtoDocumentFormPage.tsx,likely-real,0,0,1,frontend/src/routes/documentRoutes.tsx
pto/documents/:id,PtoDocumentDetailPage,@/modules/pto/PtoDocumentDetailPage,frontend/src/modules/pto/PtoDocumentDetailPage.tsx,partial,0,8,0,frontend/src/routes/documentRoutes.tsx
pto/documents/:id/edit,PtoDocumentFormPage,@/modules/pto/PtoDocumentFormPage,frontend/src/modules/pto/PtoDocumentFormPage.tsx,likely-real,0,0,1,frontend/src/routes/documentRoutes.tsx
pto/work-permits,WorkPermitListPage,@/modules/pto/WorkPermitListPage,frontend/src/modules/pto/WorkPermitListPage.tsx,partial,1,4,0,frontend/src/routes/documentRoutes.tsx
pto/lab-tests,LabTestListPage,@/modules/pto/LabTestListPage,frontend/src/modules/pto/LabTestListPage.tsx,partial,1,4,0,frontend/src/routes/documentRoutes.tsx
pto/ks6-calendar,Ks6CalendarPage,@/modules/pto/Ks6CalendarPage,frontend/src/modules/pto/Ks6CalendarPage.tsx,likely-real,0,0,0,frontend/src/routes/documentRoutes.tsx
daily-log,DailyLogPage,@/modules/dailylog/DailyLogPage,frontend/src/modules/dailylog/DailyLogPage.tsx,likely-real,0,2,1,frontend/src/routes/documentRoutes.tsx
daily-log/board,DailyLogBoardPage,@/modules/dailylog/DailyLogBoardPage,frontend/src/modules/dailylog/DailyLogBoardPage.tsx,likely-real,0,0,0,frontend/src/routes/documentRoutes.tsx
daily-logs/new,DailyLogFormPage,@/modules/dailylog/DailyLogFormPage,frontend/src/modules/dailylog/DailyLogFormPage.tsx,likely-real,0,0,1,frontend/src/routes/documentRoutes.tsx
daily-logs/:id/edit,DailyLogFormPage,@/modules/dailylog/DailyLogFormPage,frontend/src/modules/dailylog/DailyLogFormPage.tsx,likely-real,0,0,1,frontend/src/routes/documentRoutes.tsx
ks2,Ks2ListPage,@/modules/closing/Ks2ListPage,frontend/src/modules/closing/Ks2ListPage.tsx,partial,1,7,1,frontend/src/routes/documentRoutes.tsx
ks3,Ks3ListPage,@/modules/closing/Ks3ListPage,frontend/src/modules/closing/Ks3ListPage.tsx,partial,1,7,1,frontend/src/routes/documentRoutes.tsx
m29,M29ListPage,@/modules/russianDocs/M29ListPage,frontend/src/modules/russianDocs/M29ListPage.tsx,partial,1,4,0,frontend/src/routes/documentRoutes.tsx
projects,ProjectListPage,@/modules/projects/ProjectListPage,frontend/src/modules/projects/ProjectListPage.tsx,likely-real,0,0,1,frontend/src/routes/projectRoutes.tsx
projects/new,ProjectFormPage,@/modules/projects/ProjectFormPage,frontend/src/modules/projects/ProjectFormPage.tsx,likely-real,0,0,1,frontend/src/routes/projectRoutes.tsx
projects/:id,ProjectDetailPage,@/modules/projects/ProjectDetailPage,frontend/src/modules/projects/ProjectDetailPage.tsx,likely-real,0,0,1,frontend/src/routes/projectRoutes.tsx
projects/:id/edit,ProjectFormPage,@/modules/projects/ProjectFormPage,frontend/src/modules/projects/ProjectFormPage.tsx,likely-real,0,0,1,frontend/src/routes/projectRoutes.tsx
tasks,TaskBoardPage,@/pages/TaskBoardPage,frontend/src/pages/TaskBoardPage.tsx,likely-real,0,0,1,frontend/src/routes/projectRoutes.tsx
tasks/list,TaskListPage,@/pages/TaskListPage,frontend/src/pages/TaskListPage.tsx,partial,1,7,1,frontend/src/routes/projectRoutes.tsx
tasks/gantt,GanttPage,@/pages/GanttPage,frontend/src/pages/GanttPage.tsx,likely-real,0,0,1,frontend/src/routes/projectRoutes.tsx
calendar,CalendarPage,@/modules/calendar/CalendarPage,frontend/src/modules/calendar/CalendarPage.tsx,partial,1,4,1,frontend/src/routes/projectRoutes.tsx
calendar/events/new,CalendarEventFormPage,@/modules/calendar/CalendarEventFormPage,frontend/src/modules/calendar/CalendarEventFormPage.tsx,likely-real,0,0,1,frontend/src/routes/projectRoutes.tsx
calendar/events/:id/edit,CalendarEventFormPage,@/modules/calendar/CalendarEventFormPage,frontend/src/modules/calendar/CalendarEventFormPage.tsx,likely-real,0,0,1,frontend/src/routes/projectRoutes.tsx
documents,DocumentListPage,@/pages/placeholders/DocumentListPage,frontend/src/pages/placeholders/DocumentListPage.tsx,stub,0,0,0,frontend/src/routes/projectRoutes.tsx
documents/new,DocumentFormPage,@/modules/documents/DocumentFormPage,frontend/src/modules/documents/DocumentFormPage.tsx,likely-real,0,0,1,frontend/src/routes/projectRoutes.tsx
documents/:id/edit,DocumentFormPage,@/modules/documents/DocumentFormPage,frontend/src/modules/documents/DocumentFormPage.tsx,likely-real,0,0,1,frontend/src/routes/projectRoutes.tsx
contracts,ContractListPage,@/modules/contracts/ContractListPage,frontend/src/modules/contracts/ContractListPage.tsx,likely-real,0,0,1,frontend/src/routes/projectRoutes.tsx
contracts/board,ContractBoardPage,@/modules/contracts/ContractBoardPage,frontend/src/modules/contracts/ContractBoardPage.tsx,likely-real,0,0,0,frontend/src/routes/projectRoutes.tsx
contracts/new,ContractFormPage,@/modules/contracts/ContractFormPage,frontend/src/modules/contracts/ContractFormPage.tsx,likely-real,0,0,1,frontend/src/routes/projectRoutes.tsx
contracts/:id,ContractDetailPage,@/modules/contracts/ContractDetailPage,frontend/src/modules/contracts/ContractDetailPage.tsx,likely-real,0,0,1,frontend/src/routes/projectRoutes.tsx
contracts/:id/edit,ContractFormPage,@/modules/contracts/ContractFormPage,frontend/src/modules/contracts/ContractFormPage.tsx,likely-real,0,0,1,frontend/src/routes/projectRoutes.tsx
estimates,EstimateListPage,@/modules/estimates/EstimateListPage,frontend/src/modules/estimates/EstimateListPage.tsx,likely-real,0,0,1,frontend/src/routes/projectRoutes.tsx
estimates/pivot,EstimatePivotPage,@/modules/estimates/EstimatePivotPage,frontend/src/modules/estimates/EstimatePivotPage.tsx,likely-real,0,0,1,frontend/src/routes/projectRoutes.tsx
estimates/:id,EstimateDetailPage,@/modules/estimates/EstimateDetailPage,frontend/src/modules/estimates/EstimateDetailPage.tsx,likely-real,0,0,1,frontend/src/routes/projectRoutes.tsx
specifications,SpecificationListPage,@/modules/specifications/SpecificationListPage,frontend/src/modules/specifications/SpecificationListPage.tsx,likely-real,0,0,1,frontend/src/routes/projectRoutes.tsx
specifications/new,SpecificationFormPage,@/modules/specifications/SpecificationFormPage,frontend/src/modules/specifications/SpecificationFormPage.tsx,likely-real,0,0,1,frontend/src/routes/projectRoutes.tsx
specifications/:id,SpecificationDetailPage,@/modules/specifications/SpecificationDetailPage,frontend/src/modules/specifications/SpecificationDetailPage.tsx,likely-real,0,0,1,frontend/src/routes/projectRoutes.tsx
specifications/:id/edit,SpecificationFormPage,@/modules/specifications/SpecificationFormPage,frontend/src/modules/specifications/SpecificationFormPage.tsx,likely-real,0,0,1,frontend/src/routes/projectRoutes.tsx
specifications/analogs,MaterialAnalogsPage,@/modules/specifications/MaterialAnalogsPage,frontend/src/modules/specifications/MaterialAnalogsPage.tsx,likely-real,0,0,1,frontend/src/routes/projectRoutes.tsx
specifications/analog-requests,AnalogRequestsPage,@/modules/specifications/AnalogRequestsPage,frontend/src/modules/specifications/AnalogRequestsPage.tsx,likely-real,0,0,1,frontend/src/routes/projectRoutes.tsx
pm/rfis,RfiListPage,@/modules/rfi/RfiListPage,frontend/src/modules/rfi/RfiListPage.tsx,likely-real,0,0,1,frontend/src/routes/projectRoutes.tsx
pm/rfis/board,RfiBoardPage,@/modules/rfi/RfiBoardPage,frontend/src/modules/rfi/RfiBoardPage.tsx,likely-real,0,0,0,frontend/src/routes/projectRoutes.tsx
pm/rfis/new,RfiFormPage,@/modules/rfi/RfiFormPage,frontend/src/modules/rfi/RfiFormPage.tsx,partial,1,3,1,frontend/src/routes/projectRoutes.tsx
pm/rfis/:id,RfiDetailPage,@/modules/rfi/RfiDetailPage,frontend/src/modules/rfi/RfiDetailPage.tsx,partial,2,9,1,frontend/src/routes/projectRoutes.tsx
pm/rfis/:id/edit,RfiFormPage,@/modules/rfi/RfiFormPage,frontend/src/modules/rfi/RfiFormPage.tsx,partial,1,3,1,frontend/src/routes/projectRoutes.tsx
pm/submittals,SubmittalListPage,@/modules/submittals/SubmittalListPage,frontend/src/modules/submittals/SubmittalListPage.tsx,likely-real,0,0,1,frontend/src/routes/projectRoutes.tsx
pm/submittals/new,SubmittalFormPage,@/modules/submittals/SubmittalFormPage,frontend/src/modules/submittals/SubmittalFormPage.tsx,partial,1,3,1,frontend/src/routes/projectRoutes.tsx
pm/submittals/:id,SubmittalDetailPage,@/modules/submittals/SubmittalDetailPage,frontend/src/modules/submittals/SubmittalDetailPage.tsx,partial,2,10,1,frontend/src/routes/projectRoutes.tsx
pm/submittals/:id/edit,SubmittalFormPage,@/modules/submittals/SubmittalFormPage,frontend/src/modules/submittals/SubmittalFormPage.tsx,partial,1,3,1,frontend/src/routes/projectRoutes.tsx
pm/issues,IssueListPage,@/modules/issues/IssueListPage,frontend/src/modules/issues/IssueListPage.tsx,likely-real,0,0,1,frontend/src/routes/projectRoutes.tsx
pm/issues/new,IssueFormPage,@/modules/issues/IssueFormPage,frontend/src/modules/issues/IssueFormPage.tsx,likely-real,0,0,1,frontend/src/routes/projectRoutes.tsx
pm/issues/:id,IssueDetailPage,@/modules/issues/IssueDetailPage,frontend/src/modules/issues/IssueDetailPage.tsx,partial,2,10,1,frontend/src/routes/projectRoutes.tsx
pm/issues/:id/edit,IssueFormPage,@/modules/issues/IssueFormPage,frontend/src/modules/issues/IssueFormPage.tsx,likely-real,0,0,1,frontend/src/routes/projectRoutes.tsx
change-management/events,ChangeEventListPage,@/modules/changeManagement/ChangeEventListPage,frontend/src/modules/changeManagement/ChangeEventListPage.tsx,likely-real,0,0,1,frontend/src/routes/projectRoutes.tsx
change-management/events/:id,ChangeEventDetailPage,@/modules/changeManagement/ChangeEventDetailPage,frontend/src/modules/changeManagement/ChangeEventDetailPage.tsx,partial,1,4,1,frontend/src/routes/projectRoutes.tsx
change-management/orders,ChangeOrderListPage,@/modules/changeManagement/ChangeOrderListPage,frontend/src/modules/changeManagement/ChangeOrderListPage.tsx,likely-real,0,0,1,frontend/src/routes/projectRoutes.tsx
change-management/orders/board,ChangeOrderBoardPage,@/modules/changeManagement/ChangeOrderBoardPage,frontend/src/modules/changeManagement/ChangeOrderBoardPage.tsx,likely-real,0,0,0,frontend/src/routes/projectRoutes.tsx
change-management/orders/new,ChangeOrderFormPage,@/modules/changeManagement/ChangeOrderFormPage,frontend/src/modules/changeManagement/ChangeOrderFormPage.tsx,partial,1,3,1,frontend/src/routes/projectRoutes.tsx
change-management/orders/:id,ChangeOrderDetailPage,@/modules/changeManagement/ChangeOrderDetailPage,frontend/src/modules/changeManagement/ChangeOrderDetailPage.tsx,partial,2,10,1,frontend/src/routes/projectRoutes.tsx
change-management/orders/:id/edit,ChangeOrderFormPage,@/modules/changeManagement/ChangeOrderFormPage,frontend/src/modules/changeManagement/ChangeOrderFormPage.tsx,partial,1,3,1,frontend/src/routes/projectRoutes.tsx
planning/wbs,WbsTreePage,@/modules/planning/WbsTreePage,frontend/src/modules/planning/WbsTreePage.tsx,likely-real,0,0,1,frontend/src/routes/projectRoutes.tsx
planning/gantt,GanttChartPage,@/modules/planning/GanttChartPage,frontend/src/modules/planning/GanttChartPage.tsx,likely-real,0,0,1,frontend/src/routes/projectRoutes.tsx
planning/baseline,ScheduleBaselinePage,@/modules/planning/ScheduleBaselinePage,frontend/src/modules/planning/ScheduleBaselinePage.tsx,likely-real,0,0,1,frontend/src/routes/projectRoutes.tsx
planning/resources,ResourceAllocationPage,@/modules/planning/ResourceAllocationPage,frontend/src/modules/planning/ResourceAllocationPage.tsx,likely-real,0,0,1,frontend/src/routes/projectRoutes.tsx
planning/evm,EvmDashboardPage,@/modules/planning/EvmDashboardPage,frontend/src/modules/planning/EvmDashboardPage.tsx,likely-real,0,0,1,frontend/src/routes/projectRoutes.tsx
workflow/templates,WorkflowTemplateListPage,@/modules/workflow/WorkflowTemplateListPage,frontend/src/modules/workflow/WorkflowTemplateListPage.tsx,likely-real,0,0,1,frontend/src/routes/projectRoutes.tsx
workflow/instances,WorkflowInstancePage,@/modules/workflow/WorkflowInstancePage,frontend/src/modules/workflow/WorkflowInstancePage.tsx,likely-real,0,0,1,frontend/src/routes/projectRoutes.tsx
workflow/designer,WorkflowDesignerPage,@/modules/workflow/WorkflowDesignerPage,frontend/src/modules/workflow/WorkflowDesignerPage.tsx,partial,2,7,1,frontend/src/routes/projectRoutes.tsx
workflow/designer/:id,WorkflowDesignerPage,@/modules/workflow/WorkflowDesignerPage,frontend/src/modules/workflow/WorkflowDesignerPage.tsx,partial,2,7,1,frontend/src/routes/projectRoutes.tsx
closeout/commissioning,CommissioningPage,@/modules/closeout/CommissioningListPage,frontend/src/modules/closeout/CommissioningListPage.tsx,partial,1,7,1,frontend/src/routes/projectRoutes.tsx
closeout/commissioning/board,CommissioningBoardPage,@/modules/closeout/CommissioningBoardPage,frontend/src/modules/closeout/CommissioningBoardPage.tsx,likely-real,0,0,0,frontend/src/routes/projectRoutes.tsx
closeout/handover,HandoverPage,@/modules/closeout/HandoverPackageListPage,frontend/src/modules/closeout/HandoverPackageListPage.tsx,likely-real,0,0,1,frontend/src/routes/projectRoutes.tsx
closeout/warranty,WarrantyPage,@/modules/closeout/WarrantyClaimListPage,frontend/src/modules/closeout/WarrantyClaimListPage.tsx,likely-real,0,0,1,frontend/src/routes/projectRoutes.tsx
closeout/dashboard,CloseoutDashboardPage,@/modules/closeout/CloseoutDashboardPage,frontend/src/modules/closeout/CloseoutDashboardPage.tsx,partial,2,14,1,frontend/src/routes/projectRoutes.tsx
bim/models,BimModelListPage,@/modules/bim/BimModelListPage,frontend/src/modules/bim/BimModelListPage.tsx,partial,1,4,0,frontend/src/routes/projectRoutes.tsx
bim/models/:id,BimModelDetailPage,@/modules/bim/BimModelDetailPage,frontend/src/modules/bim/BimModelDetailPage.tsx,partial,1,8,0,frontend/src/routes/projectRoutes.tsx
bim/design-packages,DesignPackagePage,@/modules/bim/DesignPackagePage,frontend/src/modules/bim/DesignPackagePage.tsx,partial,1,4,0,frontend/src/routes/projectRoutes.tsx
bim/clash-detection,ClashDetectionPage,@/modules/bim/ClashDetectionPage,frontend/src/modules/bim/ClashDetectionPage.tsx,partial,1,4,0,frontend/src/routes/projectRoutes.tsx
bim/clash-detection/board,ClashBoardPage,@/modules/bim/ClashBoardPage,frontend/src/modules/bim/ClashBoardPage.tsx,likely-real,0,0,0,frontend/src/routes/projectRoutes.tsx
design/versions,DesignVersionListPage,@/modules/design/DesignVersionListPage,frontend/src/modules/design/DesignVersionListPage.tsx,partial,1,7,1,frontend/src/routes/projectRoutes.tsx
design/versions/new,DesignVersionFormPage,@/modules/design/DesignVersionFormPage,frontend/src/modules/design/DesignVersionFormPage.tsx,likely-real,0,0,1,frontend/src/routes/projectRoutes.tsx
design/versions/:id/edit,DesignVersionFormPage,@/modules/design/DesignVersionFormPage,frontend/src/modules/design/DesignVersionFormPage.tsx,likely-real,0,0,1,frontend/src/routes/projectRoutes.tsx
design/reviews,DesignReviewPage,@/modules/design/DesignReviewPage,frontend/src/modules/design/DesignReviewPage.tsx,partial,1,7,1,frontend/src/routes/projectRoutes.tsx
design/reviews/board,DesignReviewBoardPage,@/modules/design/DesignReviewBoardPage,frontend/src/modules/design/DesignReviewBoardPage.tsx,likely-real,0,0,0,frontend/src/routes/projectRoutes.tsx
design/sections,DesignSectionListPage,@/modules/design/DesignSectionListPage,frontend/src/modules/design/DesignSectionListPage.tsx,partial,1,7,1,frontend/src/routes/projectRoutes.tsx
portfolio/opportunities,OpportunitiesPage,@/modules/portfolio/OpportunitiesPage,frontend/src/modules/portfolio/OpportunitiesPage.tsx,likely-real,0,0,1,frontend/src/routes/portfolioRoutes.tsx
portfolio/opportunities/new,OpportunityFormPage,@/modules/portfolio/OpportunityFormPage,frontend/src/modules/portfolio/OpportunityFormPage.tsx,partial,1,3,1,frontend/src/routes/portfolioRoutes.tsx
portfolio/opportunities/:id,OpportunityDetailPage,@/modules/portfolio/OpportunityDetailPage,frontend/src/modules/portfolio/OpportunityDetailPage.tsx,partial,2,11,1,frontend/src/routes/portfolioRoutes.tsx
portfolio/opportunities/:id/edit,OpportunityFormPage,@/modules/portfolio/OpportunityFormPage,frontend/src/modules/portfolio/OpportunityFormPage.tsx,partial,1,3,1,frontend/src/routes/portfolioRoutes.tsx
portfolio/tenders,TendersPage,@/modules/portfolio/TendersPage,frontend/src/modules/portfolio/TendersPage.tsx,likely-real,0,2,1,frontend/src/routes/portfolioRoutes.tsx
portfolio/bid-comparison,BidComparisonPage,@/modules/portfolio/BidComparisonPage,frontend/src/modules/portfolio/BidComparisonPage.tsx,likely-real,0,0,1,frontend/src/routes/portfolioRoutes.tsx
crm/leads,CrmLeadListPage,@/modules/crm/CrmLeadListPage,frontend/src/modules/crm/CrmLeadListPage.tsx,partial,2,11,1,frontend/src/routes/portfolioRoutes.tsx
crm/leads/new,CrmLeadFormPage,@/modules/crm/CrmLeadFormPage,frontend/src/modules/crm/CrmLeadFormPage.tsx,likely-real,0,0,1,frontend/src/routes/portfolioRoutes.tsx
crm/leads/:id,CrmLeadDetailPage,@/modules/crm/CrmLeadDetailPage,frontend/src/modules/crm/CrmLeadDetailPage.tsx,partial,2,10,1,frontend/src/routes/portfolioRoutes.tsx
crm/leads/:id/edit,CrmLeadFormPage,@/modules/crm/CrmLeadFormPage,frontend/src/modules/crm/CrmLeadFormPage.tsx,likely-real,0,0,1,frontend/src/routes/portfolioRoutes.tsx
crm/dashboard,CrmDashboardPage,@/modules/crm/CrmDashboardPage,frontend/src/modules/crm/CrmDashboardPage.tsx,likely-real,0,0,1,frontend/src/routes/portfolioRoutes.tsx
legal/cases,LegalCaseListPage,@/modules/legal/LegalCaseListPage,frontend/src/modules/legal/LegalCaseListPage.tsx,partial,1,7,1,frontend/src/routes/portfolioRoutes.tsx
legal/cases/:id,LegalCaseDetailPage,@/modules/legal/LegalCaseDetailPage,frontend/src/modules/legal/LegalCaseDetailPage.tsx,partial,3,16,1,frontend/src/routes/portfolioRoutes.tsx
legal/templates,LegalTemplateListPage,@/modules/legal/LegalTemplateListPage,frontend/src/modules/legal/LegalTemplateListPage.tsx,partial,1,7,1,frontend/src/routes/portfolioRoutes.tsx
kep/certificates,KepCertificateListPage,@/modules/kep/KepCertificateListPage,frontend/src/modules/kep/KepCertificateListPage.tsx,partial,1,7,1,frontend/src/routes/portfolioRoutes.tsx
kep/signing-requests,KepSigningRequestListPage,@/modules/kep/KepSigningRequestListPage,frontend/src/modules/kep/KepSigningRequestListPage.tsx,likely-real,0,2,1,frontend/src/routes/portfolioRoutes.tsx
analytics,AnalyticsDashboardPage,@/modules/analytics/AnalyticsDashboardPage,frontend/src/modules/analytics/AnalyticsDashboardPage.tsx,likely-real,0,0,1,frontend/src/routes/portfolioRoutes.tsx
reports,ReportsPage,@/modules/analytics/ReportsPage,frontend/src/modules/analytics/ReportsPage.tsx,likely-real,0,0,1,frontend/src/routes/portfolioRoutes.tsx
kpi,KpiPage,@/modules/analytics/KpiPage,frontend/src/modules/analytics/KpiPage.tsx,likely-real,0,0,1,frontend/src/routes/portfolioRoutes.tsx
analytics/kpi-achievements,KpiAchievementsPage,@/modules/analytics/KpiAchievementsPage,frontend/src/modules/analytics/KpiAchievementsPage.tsx,partial,1,7,1,frontend/src/routes/portfolioRoutes.tsx
analytics/bonus-calculations,BonusCalculationsPage,@/modules/analytics/BonusCalculationsPage,frontend/src/modules/analytics/BonusCalculationsPage.tsx,partial,1,7,1,frontend/src/routes/portfolioRoutes.tsx
analytics/audit-pivot,AuditPivotPage,@/modules/analytics/AuditPivotPage,frontend/src/modules/analytics/AuditPivotPage.tsx,partial,0,1,0,frontend/src/routes/portfolioRoutes.tsx
analytics/project-charts,ProjectAnalyticsChartPage,@/modules/analytics/ProjectAnalyticsChartPage,frontend/src/modules/analytics/ProjectAnalyticsChartPage.tsx,likely-real,0,0,0,frontend/src/routes/portfolioRoutes.tsx
monitoring,MonitoringDashboardPage,@/modules/monitoring/MonitoringDashboardPage,frontend/src/modules/monitoring/MonitoringDashboardPage.tsx,partial,0,1,0,frontend/src/routes/portfolioRoutes.tsx
messaging,MessagingPage,@/pages/MessagingPage,frontend/src/pages/MessagingPage.tsx,likely-real,0,4,1,frontend/src/routes/portfolioRoutes.tsx
messaging/favorites,FavoritesPage,@/pages/FavoritesPage,frontend/src/pages/FavoritesPage.tsx,partial,0,2,0,frontend/src/routes/portfolioRoutes.tsx
messaging/calls,CallsPage,@/pages/CallsPage,frontend/src/pages/CallsPage.tsx,likely-real,0,0,1,frontend/src/routes/portfolioRoutes.tsx
portal,PortalDashboardPage,@/modules/portal/PortalDashboardPage,frontend/src/modules/portal/PortalDashboardPage.tsx,likely-real,0,0,1,frontend/src/routes/portfolioRoutes.tsx
portal/projects,PortalProjectListPage,@/modules/portal/PortalProjectListPage,frontend/src/modules/portal/PortalProjectListPage.tsx,likely-real,0,0,1,frontend/src/routes/portfolioRoutes.tsx
portal/documents,PortalDocumentListPage,@/modules/portal/PortalDocumentListPage,frontend/src/modules/portal/PortalDocumentListPage.tsx,likely-real,0,0,1,frontend/src/routes/portfolioRoutes.tsx
portal/messages,PortalMessageListPage,@/modules/portal/PortalMessageListPage,frontend/src/modules/portal/PortalMessageListPage.tsx,likely-real,0,0,1,frontend/src/routes/portfolioRoutes.tsx
portal/admin,PortalAdminPage,@/modules/portal/PortalAdminPage,frontend/src/modules/portal/PortalAdminPage.tsx,likely-real,0,0,1,frontend/src/routes/portfolioRoutes.tsx
search,GlobalSearchPage,@/modules/search/GlobalSearchPage,frontend/src/modules/search/GlobalSearchPage.tsx,likely-real,0,1,1,frontend/src/routes/portfolioRoutes.tsx
ai-assistant,AiAssistantPage,@/modules/ai/AiAssistantPage,frontend/src/modules/ai/AiAssistantPage.tsx,likely-real,0,0,1,frontend/src/routes/portfolioRoutes.tsx
notifications,NotificationsPage,@/modules/notifications/NotificationsPage,frontend/src/modules/notifications/NotificationsPage.tsx,likely-real,0,0,1,frontend/src/routes/settingsRoutes.tsx
integrations,IntegrationsDashboardPage,@/modules/integrations/IntegrationsPage,frontend/src/modules/integrations/IntegrationsPage.tsx,likely-real,0,0,1,frontend/src/routes/settingsRoutes.tsx
integrations/telegram,TelegramPage,@/modules/integrations/TelegramPage,frontend/src/modules/integrations/TelegramPage.tsx,partial,3,12,1,frontend/src/routes/settingsRoutes.tsx
integrations/1c,OneCSettingsPage,@/modules/integrations/OneCSettingsPage,frontend/src/modules/integrations/OneCSettingsPage.tsx,partial,2,11,1,frontend/src/routes/settingsRoutes.tsx
integrations/sbis,SbisSettingsPage,@/modules/integrations/SbisSettingsPage,frontend/src/modules/integrations/SbisSettingsPage.tsx,partial,2,11,1,frontend/src/routes/settingsRoutes.tsx
integrations/edo,EdoSettingsPage,@/modules/integrations/EdoSettingsPage,frontend/src/modules/integrations/EdoSettingsPage.tsx,partial,1,6,1,frontend/src/routes/settingsRoutes.tsx
integrations/bim,BimIntegrationPage,@/modules/integrations/BimPage,frontend/src/modules/integrations/BimPage.tsx,likely-real,0,0,1,frontend/src/routes/settingsRoutes.tsx
integrations/weather,WeatherIntegrationPage,@/modules/integrations/WeatherPage,frontend/src/modules/integrations/WeatherPage.tsx,partial,2,9,1,frontend/src/routes/settingsRoutes.tsx
cost-management/codes,CostCodeListPage,@/modules/costManagement/CostCodeListPage,frontend/src/modules/costManagement/CostCodeListPage.tsx,likely-real,0,0,1,frontend/src/routes/financeRoutes.tsx
cost-management/budget,CostBudgetOverviewPage,@/modules/costManagement/BudgetOverviewPage,frontend/src/modules/costManagement/BudgetOverviewPage.tsx,partial,1,4,1,frontend/src/routes/financeRoutes.tsx
cost-management/commitments,CommitmentsPage,@/modules/costManagement/CommitmentsPage,frontend/src/modules/costManagement/CommitmentsPage.tsx,likely-real,0,0,1,frontend/src/routes/financeRoutes.tsx
cost-management/commitments/new,CommitmentFormPage,@/modules/costManagement/CommitmentFormPage,frontend/src/modules/costManagement/CommitmentFormPage.tsx,likely-real,0,0,1,frontend/src/routes/financeRoutes.tsx
cost-management/commitments/:id,CommitmentDetailPage,@/modules/costManagement/CommitmentDetailPage,frontend/src/modules/costManagement/CommitmentDetailPage.tsx,partial,0,9,0,frontend/src/routes/financeRoutes.tsx
cost-management/commitments/:id/edit,CommitmentFormPage,@/modules/costManagement/CommitmentFormPage,frontend/src/modules/costManagement/CommitmentFormPage.tsx,likely-real,0,0,1,frontend/src/routes/financeRoutes.tsx
cost-management/forecast,ForecastPage,@/modules/costManagement/ForecastPage,frontend/src/modules/costManagement/ForecastPage.tsx,likely-real,0,0,1,frontend/src/routes/financeRoutes.tsx
cost-management/cashflow,CostCashflowPage,@/modules/costManagement/CostCashflowPage,frontend/src/modules/costManagement/CostCashflowPage.tsx,likely-real,0,0,1,frontend/src/routes/financeRoutes.tsx
revenue/contracts,RevenueContractsPage,@/modules/revenueRecognition/RevenueContractListPage,frontend/src/modules/revenueRecognition/RevenueContractListPage.tsx,likely-real,0,2,1,frontend/src/routes/financeRoutes.tsx
revenue/contracts/:id,RevenueContractDetailPage,@/modules/revenueRecognition/RevenueContractDetailPage,frontend/src/modules/revenueRecognition/RevenueContractDetailPage.tsx,partial,2,10,1,frontend/src/routes/financeRoutes.tsx
revenue/periods,RevenuePeriodsPage,@/modules/revenueRecognition/RevenuePeriodsPage,frontend/src/modules/revenueRecognition/RevenuePeriodsPage.tsx,likely-real,0,2,1,frontend/src/routes/financeRoutes.tsx
revenue/dashboard,RevenueDashboardPage,@/modules/revenueRecognition/RevenueDashboardPage,frontend/src/modules/revenueRecognition/RevenueDashboardPage.tsx,likely-real,0,0,1,frontend/src/routes/financeRoutes.tsx
procurement,PurchaseRequestListPage,@/modules/procurement/PurchaseRequestListPage,frontend/src/modules/procurement/PurchaseRequestListPage.tsx,likely-real,0,0,1,frontend/src/routes/financeRoutes.tsx
procurement/board,PurchaseRequestBoardPage,@/modules/procurement/PurchaseRequestBoardPage,frontend/src/modules/procurement/PurchaseRequestBoardPage.tsx,likely-real,0,0,0,frontend/src/routes/financeRoutes.tsx
procurement/new,PurchaseRequestFormPage,@/modules/procurement/PurchaseRequestFormPage,frontend/src/modules/procurement/PurchaseRequestFormPage.tsx,likely-real,0,0,1,frontend/src/routes/financeRoutes.tsx
procurement/:id,PurchaseRequestDetailPage,@/modules/procurement/PurchaseRequestDetailPage,frontend/src/modules/procurement/PurchaseRequestDetailPage.tsx,partial,1,6,1,frontend/src/routes/financeRoutes.tsx
procurement/:id/edit,PurchaseRequestFormPage,@/modules/procurement/PurchaseRequestFormPage,frontend/src/modules/procurement/PurchaseRequestFormPage.tsx,likely-real,0,0,1,frontend/src/routes/financeRoutes.tsx
price-coefficients,PriceCoefficientListPage,@/modules/priceCoefficients/PriceCoefficientListPage,frontend/src/modules/priceCoefficients/PriceCoefficientListPage.tsx,likely-real,0,0,1,frontend/src/routes/financeRoutes.tsx
price-coefficients/new,PriceCoefficientFormPage,@/modules/priceCoefficients/PriceCoefficientFormPage,frontend/src/modules/priceCoefficients/PriceCoefficientFormPage.tsx,likely-real,0,0,1,frontend/src/routes/financeRoutes.tsx
price-coefficients/:id,PriceCoefficientDetailPage,@/modules/priceCoefficients/PriceCoefficientDetailPage,frontend/src/modules/priceCoefficients/PriceCoefficientDetailPage.tsx,partial,1,4,1,frontend/src/routes/financeRoutes.tsx
price-coefficients/:id/edit,PriceCoefficientFormPage,@/modules/priceCoefficients/PriceCoefficientFormPage,frontend/src/modules/priceCoefficients/PriceCoefficientFormPage.tsx,likely-real,0,0,1,frontend/src/routes/financeRoutes.tsx
payroll,PayrollTemplateListPage,@/modules/payroll/PayrollTemplateListPage,frontend/src/modules/payroll/PayrollTemplateListPage.tsx,likely-real,0,0,1,frontend/src/routes/financeRoutes.tsx
payroll/templates/new,PayrollTemplateFormPage,@/modules/payroll/PayrollTemplateFormPage,frontend/src/modules/payroll/PayrollTemplateFormPage.tsx,likely-real,0,0,1,frontend/src/routes/financeRoutes.tsx
payroll/templates/:id/edit,PayrollTemplateFormPage,@/modules/payroll/PayrollTemplateFormPage,frontend/src/modules/payroll/PayrollTemplateFormPage.tsx,likely-real,0,0,1,frontend/src/routes/financeRoutes.tsx
payroll/calculate,PayrollCalculationPage,@/modules/payroll/PayrollCalculationPage,frontend/src/modules/payroll/PayrollCalculationPage.tsx,likely-real,0,0,1,frontend/src/routes/financeRoutes.tsx
self-employed,SelfEmployedContractorListPage,@/modules/selfEmployed/ContractorListPage,frontend/src/modules/selfEmployed/ContractorListPage.tsx,likely-real,0,0,1,frontend/src/routes/financeRoutes.tsx
self-employed/contractors/new,SelfEmployedContractorFormPage,@/modules/selfEmployed/ContractorFormPage,frontend/src/modules/selfEmployed/ContractorFormPage.tsx,likely-real,0,0,1,frontend/src/routes/financeRoutes.tsx
self-employed/contractors/:id/edit,SelfEmployedContractorFormPage,@/modules/selfEmployed/ContractorFormPage,frontend/src/modules/selfEmployed/ContractorFormPage.tsx,likely-real,0,0,1,frontend/src/routes/financeRoutes.tsx
self-employed/payments,SelfEmployedPaymentListPage,@/modules/selfEmployed/PaymentListPage,frontend/src/modules/selfEmployed/PaymentListPage.tsx,likely-real,0,0,1,frontend/src/routes/financeRoutes.tsx
self-employed/registries,SelfEmployedRegistryListPage,@/modules/selfEmployed/RegistryListPage,frontend/src/modules/selfEmployed/RegistryListPage.tsx,likely-real,0,0,1,frontend/src/routes/financeRoutes.tsx
tax-risk,TaxRiskListPage,@/modules/taxRisk/TaxRiskListPage,frontend/src/modules/taxRisk/TaxRiskListPage.tsx,likely-real,0,0,1,frontend/src/routes/financeRoutes.tsx
tax-risk/new,TaxRiskFormPage,@/modules/taxRisk/TaxRiskFormPage,frontend/src/modules/taxRisk/TaxRiskFormPage.tsx,likely-real,0,0,1,frontend/src/routes/financeRoutes.tsx
tax-risk/:id,TaxRiskDetailPage,@/modules/taxRisk/TaxRiskDetailPage,frontend/src/modules/taxRisk/TaxRiskDetailPage.tsx,partial,1,4,1,frontend/src/routes/financeRoutes.tsx
tax-risk/:id/edit,TaxRiskFormPage,@/modules/taxRisk/TaxRiskFormPage,frontend/src/modules/taxRisk/TaxRiskFormPage.tsx,likely-real,0,0,1,frontend/src/routes/financeRoutes.tsx
monte-carlo,SimulationListPage,@/modules/monteCarlo/SimulationListPage,frontend/src/modules/monteCarlo/SimulationListPage.tsx,likely-real,0,0,1,frontend/src/routes/financeRoutes.tsx
monte-carlo/new,SimulationFormPage,@/modules/monteCarlo/SimulationFormPage,frontend/src/modules/monteCarlo/SimulationFormPage.tsx,likely-real,0,0,1,frontend/src/routes/financeRoutes.tsx
monte-carlo/:id,SimulationDetailPage,@/modules/monteCarlo/SimulationDetailPage,frontend/src/modules/monteCarlo/SimulationDetailPage.tsx,partial,1,4,1,frontend/src/routes/financeRoutes.tsx
monte-carlo/:id/edit,SimulationFormPage,@/modules/monteCarlo/SimulationFormPage,frontend/src/modules/monteCarlo/SimulationFormPage.tsx,likely-real,0,0,1,frontend/src/routes/financeRoutes.tsx
employees,EmployeeListPage,@/modules/hr/EmployeeListPage,frontend/src/modules/hr/EmployeeListPage.tsx,likely-real,0,0,1,frontend/src/routes/hrRoutes.tsx
employees/new,EmployeeFormPage,@/modules/hr/EmployeeFormPage,frontend/src/modules/hr/EmployeeFormPage.tsx,likely-real,0,0,1,frontend/src/routes/hrRoutes.tsx
employees/:id,EmployeeDetailPage,@/modules/hr/EmployeeDetailPage,frontend/src/modules/hr/EmployeeDetailPage.tsx,likely-real,0,0,1,frontend/src/routes/hrRoutes.tsx
employees/:id/edit,EmployeeFormPage,@/modules/hr/EmployeeFormPage,frontend/src/modules/hr/EmployeeFormPage.tsx,likely-real,0,0,1,frontend/src/routes/hrRoutes.tsx
crew,CrewPage,@/modules/hr/CrewPage,frontend/src/modules/hr/CrewPage.tsx,likely-real,0,0,1,frontend/src/routes/hrRoutes.tsx
timesheets,TimesheetListPage,@/modules/hr/TimesheetListPage,frontend/src/modules/hr/TimesheetListPage.tsx,likely-real,0,0,1,frontend/src/routes/hrRoutes.tsx
safety,SafetyPage,@/modules/safety/SafetyDashboardPage,frontend/src/modules/safety/SafetyDashboardPage.tsx,likely-real,0,0,1,frontend/src/routes/hrRoutes.tsx
safety/board,SafetyBoardPage,@/modules/safety/SafetyBoardPage,frontend/src/modules/safety/SafetyBoardPage.tsx,likely-real,0,0,0,frontend/src/routes/hrRoutes.tsx
safety/incidents/new,SafetyIncidentFormPage,@/modules/safety/SafetyIncidentFormPage,frontend/src/modules/safety/SafetyIncidentFormPage.tsx,partial,1,3,1,frontend/src/routes/hrRoutes.tsx
safety/incidents/:id/edit,SafetyIncidentFormPage,@/modules/safety/SafetyIncidentFormPage,frontend/src/modules/safety/SafetyIncidentFormPage.tsx,partial,1,3,1,frontend/src/routes/hrRoutes.tsx
hr-russian/employment-contracts,EmploymentContractListPage,@/modules/hrRussian/EmploymentContractListPage,frontend/src/modules/hrRussian/EmploymentContractListPage.tsx,partial,1,4,0,frontend/src/routes/hrRoutes.tsx
hr-russian/personnel-orders,PersonnelOrderListPage,@/modules/hrRussian/PersonnelOrderListPage,frontend/src/modules/hrRussian/PersonnelOrderListPage.tsx,partial,1,4,0,frontend/src/routes/hrRoutes.tsx
hr-russian/staffing,StaffingTablePage,@/modules/hrRussian/StaffingTablePage,frontend/src/modules/hrRussian/StaffingTablePage.tsx,partial,1,4,0,frontend/src/routes/hrRoutes.tsx
hr-russian/timesheets,TimeSheetPage,@/modules/hrRussian/TimeSheetPage,frontend/src/modules/hrRussian/TimeSheetPage.tsx,partial,1,4,0,frontend/src/routes/hrRoutes.tsx
recruitment/applicants,ApplicantListPage,@/modules/recruitment/ApplicantListPage,frontend/src/modules/recruitment/ApplicantListPage.tsx,likely-real,0,2,1,frontend/src/routes/hrRoutes.tsx
recruitment/applicants/new,ApplicantFormPage,@/modules/recruitment/ApplicantFormPage,frontend/src/modules/recruitment/ApplicantFormPage.tsx,likely-real,0,0,1,frontend/src/routes/hrRoutes.tsx
recruitment/applicants/board,ApplicantBoardPage,@/modules/recruitment/ApplicantBoardPage,frontend/src/modules/recruitment/ApplicantBoardPage.tsx,likely-real,0,0,0,frontend/src/routes/hrRoutes.tsx
recruitment/applicants/:id,ApplicantDetailPage,@/modules/recruitment/ApplicantDetailPage,frontend/src/modules/recruitment/ApplicantDetailPage.tsx,partial,2,14,1,frontend/src/routes/hrRoutes.tsx
recruitment/applicants/:id/edit,ApplicantFormPage,@/modules/recruitment/ApplicantFormPage,frontend/src/modules/recruitment/ApplicantFormPage.tsx,likely-real,0,0,1,frontend/src/routes/hrRoutes.tsx
recruitment/jobs,JobPositionListPage,@/modules/recruitment/JobPositionListPage,frontend/src/modules/recruitment/JobPositionListPage.tsx,partial,1,7,1,frontend/src/routes/hrRoutes.tsx
leave/requests,LeaveRequestListPage,@/modules/leave/LeaveRequestListPage,frontend/src/modules/leave/LeaveRequestListPage.tsx,partial,1,7,1,frontend/src/routes/hrRoutes.tsx
leave/board,LeaveBoardPage,@/modules/leave/LeaveBoardPage,frontend/src/modules/leave/LeaveBoardPage.tsx,likely-real,0,0,0,frontend/src/routes/hrRoutes.tsx
leave/allocations,LeaveAllocationPage,@/modules/leave/LeaveAllocationPage,frontend/src/modules/leave/LeaveAllocationPage.tsx,likely-real,0,0,1,frontend/src/routes/hrRoutes.tsx
leave/types,LeaveTypesPage,@/modules/leave/LeaveTypesPage,frontend/src/modules/leave/LeaveTypesPage.tsx,likely-real,0,0,1,frontend/src/routes/hrRoutes.tsx
hr/crew-timesheets,CrewTimeSheetsPage,@/modules/hr/CrewTimeSheetsPage,frontend/src/modules/hr/CrewTimeSheetsPage.tsx,likely-real,0,0,1,frontend/src/routes/hrRoutes.tsx
hr/crew-time-entries,CrewTimeEntriesPage,@/modules/hr/CrewTimeEntriesPage,frontend/src/modules/hr/CrewTimeEntriesPage.tsx,partial,1,7,1,frontend/src/routes/hrRoutes.tsx
hr/crew-time-calendar,CrewTimeCalendarPage,@/modules/hr/CrewTimeCalendarPage,frontend/src/modules/hr/CrewTimeCalendarPage.tsx,partial,0,4,0,frontend/src/routes/hrRoutes.tsx
hr/timesheet-pivot,TimesheetPivotPage,@/modules/hr/TimesheetPivotPage,frontend/src/modules/hr/TimesheetPivotPage.tsx,likely-real,0,0,0,frontend/src/routes/hrRoutes.tsx
quality,QualityListPage,@/modules/quality/QualityListPage,frontend/src/modules/quality/QualityListPage.tsx,likely-real,0,0,1,frontend/src/routes/qualityRoutes.tsx
quality/board,QualityBoardPage,@/modules/quality/QualityBoardPage,frontend/src/modules/quality/QualityBoardPage.tsx,likely-real,0,0,0,frontend/src/routes/qualityRoutes.tsx
quality/inspections/new,InspectionFormPage,@/modules/quality/InspectionFormPage,frontend/src/modules/quality/InspectionFormPage.tsx,likely-real,0,0,1,frontend/src/routes/qualityRoutes.tsx
quality/inspections/:id/edit,InspectionFormPage,@/modules/quality/InspectionFormPage,frontend/src/modules/quality/InspectionFormPage.tsx,likely-real,0,0,1,frontend/src/routes/qualityRoutes.tsx
quality/:id,QualityCheckDetailPage,@/modules/quality/QualityCheckDetailPage,frontend/src/modules/quality/QualityCheckDetailPage.tsx,partial,1,4,0,frontend/src/routes/qualityRoutes.tsx
quality/tolerance-rules,ToleranceRulesPage,@/modules/quality/ToleranceRulesPage,frontend/src/modules/quality/ToleranceRulesPage.tsx,likely-real,0,0,1,frontend/src/routes/qualityRoutes.tsx
quality/tolerance-checks,ToleranceChecksPage,@/modules/quality/ToleranceChecksPage,frontend/src/modules/quality/ToleranceChecksPage.tsx,likely-real,0,0,1,frontend/src/routes/qualityRoutes.tsx
quality/certificates,MaterialCertificatesPage,@/modules/quality/MaterialCertificatesPage,frontend/src/modules/quality/MaterialCertificatesPage.tsx,likely-real,0,0,1,frontend/src/routes/qualityRoutes.tsx
punchlist/items,PunchlistItemsPage,@/modules/punchlist/PunchlistItemsPage,frontend/src/modules/punchlist/PunchlistItemsPage.tsx,partial,1,4,1,frontend/src/routes/qualityRoutes.tsx
punchlist/board,PunchlistBoardPage,@/modules/punchlist/PunchlistBoardPage,frontend/src/modules/punchlist/PunchlistBoardPage.tsx,likely-real,0,0,0,frontend/src/routes/qualityRoutes.tsx
punchlist/items/new,PunchListItemFormPage,@/modules/punchlist/PunchListItemFormPage,frontend/src/modules/punchlist/PunchListItemFormPage.tsx,partial,1,3,1,frontend/src/routes/qualityRoutes.tsx
punchlist/items/:id,PunchlistItemDetailPage,@/modules/punchlist/PunchlistItemDetailPage,frontend/src/modules/punchlist/PunchlistItemDetailPage.tsx,likely-real,0,5,1,frontend/src/routes/qualityRoutes.tsx
punchlist/items/:id/edit,PunchListItemFormPage,@/modules/punchlist/PunchListItemFormPage,frontend/src/modules/punchlist/PunchListItemFormPage.tsx,partial,1,3,1,frontend/src/routes/qualityRoutes.tsx
punchlist/dashboard,PunchlistDashboardPage,@/modules/punchlist/PunchlistDashboardPage,frontend/src/modules/punchlist/PunchlistDashboardPage.tsx,partial,0,9,0,frontend/src/routes/qualityRoutes.tsx
regulatory/permits,PermitsPage,@/modules/regulatory/PermitsPage,frontend/src/modules/regulatory/PermitsPage.tsx,partial,1,7,1,frontend/src/routes/qualityRoutes.tsx
regulatory/permits/board,PermitBoardPage,@/modules/regulatory/PermitBoardPage,frontend/src/modules/regulatory/PermitBoardPage.tsx,likely-real,0,0,0,frontend/src/routes/qualityRoutes.tsx
regulatory/permits/:id,PermitDetailPage,@/modules/regulatory/PermitDetailPage,frontend/src/modules/regulatory/PermitDetailPage.tsx,partial,0,9,0,frontend/src/routes/qualityRoutes.tsx
regulatory/licenses,LicensesPage,@/modules/regulatory/LicensesPage,frontend/src/modules/regulatory/LicensesPage.tsx,partial,1,7,1,frontend/src/routes/qualityRoutes.tsx
regulatory/inspections,InspectionsPage,@/modules/regulatory/InspectionsPage,frontend/src/modules/regulatory/InspectionsPage.tsx,likely-real,0,0,1,frontend/src/routes/qualityRoutes.tsx
regulatory/dashboard,RegulatoryDashboardPage,@/modules/regulatory/RegulatoryDashboardPage,frontend/src/modules/regulatory/RegulatoryDashboardPage.tsx,partial,0,4,0,frontend/src/routes/qualityRoutes.tsx
regulatory/reporting-calendar,ReportingCalendarPage,@/modules/regulatory/ReportingCalendarPage,frontend/src/modules/regulatory/ReportingCalendarPage.tsx,partial,1,7,1,frontend/src/routes/qualityRoutes.tsx
