key,name,domain,criticality,odoo_model,status,next_entity,next_module,next_api_count,next_ui,next_workflow,next_report,gap_description,risk,priority,notes
home_dashboard,Домашний дашборд,Project Management,MUST,construction.home.dashboard,MATCHED,"Dashboard, DashboardWidget",analytics,41,"analytics, analytics/kpi-achievements, analytics/bonus-calculations",,AnalyticsReport,Full coverage,LOW,P2,Analytics dashboards with widgets; Odoo had single home dashboard
project,Строительный объект,Project Management,MUST,construction.project,MATCHED,"Project, ProjectMember, ProjectCollaborator, ProjectUpdate",project,14,"projects, projects/new, projects/:id (+2 more)","ProjectStatus: [DRAFT,PLANNING,IN_PROGRESS,ON_HOLD,COMPLETED,CANCELLED]; ProjectHealthStatus: [ON_TRACK,AT_RISK,OFF_TRACK,ON_HOLD]",PdfReportService,Odoo had chatter; verify Next comment/activity integration,LOW,P2,"Full project CRUD with members, plan-fact, PDF summary"
change_request,Запрос на изменение,Contract Management,MUST,construction.change.request,MATCHED,"ChangeEvent, ChangeOrder, ChangeOrderItem, ChangeOrderRequest",changeManagement,16,"change-management/events, change-management/events/:id, change-management/orders (+3 more)","ChangeEventStatus: [IDENTIFIED,UNDER_REVIEW,APPROVED_FOR_PRICING,PRICED,APPROVED,REJECTED,VOID]; ChangeOrderStatus: [DRAFT,PENDING_APPROVAL,APPROVED,EXECUTED,VOID]; ChangeOrderRequestStatus: [DRAFT,SUBMITTED,UNDER_REVIEW,APPROVED,REJECTED,REVISED]",,Full coverage,LOW,P2,"Richer change management with events, orders, requests"
contract_penalty,Начисление пеней по контракту,Contract Management,MUST,construction.contract.penalty,MATCHED,"ContractClaim, ContractSla, SlaViolation",contractExt,46,"contracts, contracts/new, contracts/:id (+4 more)","ClaimStatus: [FILED,UNDER_REVIEW,ACCEPTED,REJECTED,RESOLVED]; ViolationStatus: [DETECTED,NOTIFIED,ACKNOWLEDGED,RESOLVED]; ViolationStatus: [OPEN,IN_PROGRESS,RESOLVED,OVERDUE]",,Odoo had chatter; verify Next comment/activity integration,LOW,P2,Penalty mapped to ContractClaim + SLA violations
estimate,Смета,Contract Management,MUST,construction.estimate,MATCHED,"Estimate, EstimateItem, EstimateVersion",estimate,10,"estimates, estimates/:id","EstimateStatus: [DRAFT,IN_WORK,APPROVED,ACTIVE]",,Odoo had chatter; verify Next comment/activity integration,LOW,P2,Full estimate with items and versioning
estimate_norm,Сметный норматив,Contract Management,MUST,construction.estimate.norm,MATCHED,EstimateItem,estimate,10,"estimates, estimates/:id",,,Full coverage,LOW,P2,Norms embedded in EstimateItem; no separate norms entity
specification,Спецификация,Contract Management,MUST,construction.specification,MATCHED,"Specification, SpecItem",specification,7,"specifications, specifications/new, specifications/:id (+3 more)","SpecificationStatus: [DRAFT,IN_REVIEW,APPROVED,ACTIVE]",,Odoo had chatter; verify Next comment/activity integration,LOW,P2,Full specification CRUD with items
estimate_version,Estimate Version,Contract Management,SHOULD,construction.estimate.version,MATCHED,EstimateVersion,estimate,10,"estimates, estimates/:id",,,Odoo had workflow states; verify state management,LOW,P2,Estimate versioning via EstimateVersion entity
price_coefficient,Ценовой коэффициент,Contract Management,SHOULD,construction.price.coefficient,MISSING,,,0,,,,No entity in Next; No API endpoints; No dedicated UI page,MEDIUM,P1,No dedicated price coefficient entity; may be in estimate logic
lrv,Лимитно-разделительная ведомость,Procurement / Purchase,MUST,construction.lrv,MATCHED,"PurchaseRequest, PurchaseRequestItem",procurement,13,"procurement, procurement/new, procurement/:id","PurchaseRequestStatus: [DRAFT,SUBMITTED,IN_APPROVAL,APPROVED,REJECTED,ASSIGNED,ORDERED,DELIVERED,CLOSED,CANCELLED]",,Odoo had chatter; verify Next comment/activity integration,LOW,P2,LRV maps to PurchaseRequest in Next
material_reservation,Резервирование материалов,Procurement / Purchase,MUST,construction.material.reservation,MATCHED,MaterialReservation,procurementExt,16,"procurement, procurement/new, procurement/:id","ReservationStatus: [ACTIVE,RELEASED,EXPIRED]",,Odoo had chatter; verify Next comment/activity integration,LOW,P2,Material reservation entity with release workflow
power_of_attorney,Доверенность М-2/М-2а,Procurement / Purchase,MUST,construction.power.of.attorney,MATCHED,PowerOfAttorney,russianDoc,13,"russian-docs/list, russian-docs/create, russian-docs/ks2 (+5 more)","RussianDocStatus: [DRAFT,CONFIRMED,POSTED,CANCELLED]",,Odoo had chatter; verify Next comment/activity integration,LOW,P2,Power of attorney in russianDoc module
upd,УПД (Универсальный передаточный документ),Procurement / Purchase,MUST,construction.upd,MATCHED,Upd,russianDoc,13,"russian-docs/list, russian-docs/create, russian-docs/ks2 (+5 more)","RussianDocStatus: [DRAFT,CONFIRMED,POSTED,CANCELLED]",,Odoo had chatter; verify Next comment/activity integration,LOW,P2,UPD in russianDoc module
auto_approval_rule,Правило автоматического согласования,Procurement / Purchase,SHOULD,construction.auto.approval.rule,PARTIAL,"AutomationRule, AutomationExecution",workflowEngine,0,"workflow/templates, workflow/instances, workflow/designer (+1 more)","ExecutionStatus: [PENDING,RUNNING,COMPLETED,FAILED]; ExecutionStatus: [PENDING,RUNNING,COMPLETED,FAILED,SKIPPED]",,No API endpoints,LOW,P1,Auto-approval via workflowEngine automation rules; not procurement-specific
material_analog,Группа аналогов материала,Procurement / Purchase,SHOULD,construction.material.analog,MATCHED,"MaterialAnalog, AnalogRequest",specification,7,"specifications/analogs, specifications/analog-requests","AnalogRequestStatus: [PENDING,APPROVED,REJECTED]",,Odoo had chatter; verify Next comment/activity integration,LOW,P2,Material analogs in specification module with dedicated UI
material_norm,Норма расхода материала,Procurement / Purchase,SHOULD,construction.material.norm,MATCHED,EstimateItem,estimate,10,"estimates, estimates/:id",,,Full coverage,LOW,P2,Material norms embedded in estimate items; no separate entity
dispatch_order,Заявка на диспетчеризацию,Warehouse / Inventory,MUST,construction.dispatch.order,MATCHED,"DispatchOrder, DispatchItem","ops, procurementExt",16,dispatch/orders,"DispatchOrderStatus: [NEW,CONFIRMED,DISPATCHED,IN_TRANSIT,DELIVERED,CANCELLED]; DispatchStatus: [PLANNED,DISPATCHED,IN_TRANSIT,DELIVERED,CANCELLED]",,Full coverage,LOW,P2,Dispatch orders with full workflow
equipment_control,Контроль строительной техники,Warehouse / Inventory,MUST,construction.equipment.control,MATCHED,"Vehicle, VehicleAssignment, EquipmentInspection, MaintenanceRecord",fleet,27,"fleet, fleet/:id, fleet/maintenance (+1 more)","VehicleStatus: [AVAILABLE,IN_USE,MAINTENANCE,REPAIR,DECOMMISSIONED]; AssignmentStatus: [PLANNED,ACTIVE,COMPLETED,CANCELLED]; MaintenanceStatus: [PLANNED,IN_PROGRESS,COMPLETED,CANCELLED]",,Odoo had chatter; verify Next comment/activity integration,LOW,P2,Equipment control via fleet module
m29,Отчет М-29 (Списание материалов),Warehouse / Inventory,MUST,construction.m29,MATCHED,"M29Document, M29Line",m29,8,m29,,,Odoo had chatter; verify Next comment/activity integration; Odoo had workflow states; verify state management,LOW,P2,M-29 material usage report with lines
stock_limit,Лимит МПЗ на складе,Warehouse / Inventory,SHOULD,construction.stock.limit,MATCHED,"StockLimit, StockLimitAlert",warehouse,25,"warehouse/stock-limits, warehouse/stock-alerts",,,Odoo had chatter; verify Next comment/activity integration; Odoo had workflow states; verify state management,LOW,P2,Stock limits with alert system
transfer_plan,План перевозок,Warehouse / Inventory,SHOULD,construction.transfer.plan,MATCHED,"StockMovement, StockMovementLine",warehouse,25,"warehouse/movements, warehouse/movements/new","StockMovementStatus: [DRAFT,CONFIRMED,DONE,CANCELLED]",,Odoo had chatter; verify Next comment/activity integration,LOW,P2,Transfer plans mapped to stock movements
transfer_task,Задача доставки,Warehouse / Inventory,SHOULD,construction.transfer.task,MATCHED,"StockMovement, StockMovementLine",warehouse,25,"warehouse/movements, warehouse/movements/new","StockMovementStatus: [DRAFT,CONFIRMED,DONE,CANCELLED]",,Odoo had chatter; verify Next comment/activity integration,LOW,P2,Transfer tasks mapped to stock movements; no separate entity
crew,Строительная бригада,Work Execution / Volumes,MUST,construction.crew,MATCHED,"CrewAssignment, CrewTimeEntry, CrewTimeSheet",hr,20,"crew, hr/crew-timesheets, hr/crew-time-entries","CrewTimeSheetStatus: [DRAFT,SUBMITTED,APPROVED,REJECTED]",CrewTimeReport,Full coverage,LOW,P2,"Crews in hr module with assignments, time entries, timesheets"
daily_log,Ежедневный журнал,Work Execution / Volumes,MUST,construction.daily.log,MATCHED,"DailyLog, DailyLogEntry, DailyLogPhoto",dailylog,11,"operations/daily-logs, operations/daily-logs/new, operations/daily-logs/:id (+1 more)","DailyLogStatus: [DRAFT,SUBMITTED,APPROVED]",PdfReportController,Full coverage,LOW,P2,"Full daily log with entries, photos, submit/approve, PDF"
hidden_work_act,Акт скрытых работ,Work Execution / Volumes,MUST,construction.hidden.work.act,MATCHED,HiddenWorkAct,pto,31,"pto/documents, pto/documents/:id, pto/work-permits (+1 more)","HiddenWorkActStatus: [DRAFT,PENDING_INSPECTION,INSPECTED,APPROVED,REJECTED]",,Full coverage,LOW,P2,Hidden work acts in PTO with inspection workflow
ks11,КС-11 (Акт приёмки),Work Execution / Volumes,MUST,construction.ks11,MATCHED,Ks11AcceptanceAct,pto,31,"pto/documents, pto/documents/:id, pto/work-permits (+1 more)","Ks11Status: [DRAFT,PENDING,SIGNED,REJECTED]",,Full coverage,LOW,P2,KS-11 acceptance act in PTO
ks2,КС-2 (Акт выполненных работ),Work Execution / Volumes,MUST,construction.ks2,MATCHED,"Ks2Document, Ks2Line",closing,16,"russian-docs/ks2, ks2","ClosingDocumentStatus: [DRAFT,SUBMITTED,SIGNED,CLOSED]",PdfReportController,Odoo had chatter; verify Next comment/activity integration,LOW,P2,KS-2 with lines and PDF generation
ks3,КС-3 (Справка стоимости),Work Execution / Volumes,MUST,construction.ks3,MATCHED,"Ks3Document, Ks3Ks2Link",closing,16,"russian-docs/ks3, ks3","ClosingDocumentStatus: [DRAFT,SUBMITTED,SIGNED,CLOSED]",PdfReportController,Odoo had chatter; verify Next comment/activity integration,LOW,P2,KS-3 with KS-2 links and PDF generation
ks6,КС-6 (Общий журнал работ),Work Execution / Volumes,MUST,construction.ks6,MATCHED,Ks6Journal,pto,31,"pto/documents, pto/documents/:id, pto/work-permits (+1 more)","Ks6JournalStatus: [DRAFT,ACTIVE,CLOSED,ARCHIVED]",,Full coverage,LOW,P2,KS-6 journal in PTO
ks6a,КС-6а (Журнал объемов),Work Execution / Volumes,MUST,construction.ks6a,MATCHED,Ks6aRecord,pto,31,"pto/documents, pto/documents/:id, pto/work-permits (+1 more)",,,Odoo had workflow states; verify state management,LOW,P2,KS-6a records in PTO (child of KS-6)
monthly_schedule,Месячный сводный график работ,Work Execution / Volumes,MUST,construction.monthly.schedule,MATCHED,"MonthlySchedule, MonthlyScheduleLine",monthlySchedule,6,,"MonthlyScheduleStatus: [DRAFT,SUBMITTED,APPROVED,CLOSED]",,No dedicated UI page; Odoo had chatter; verify Next comment/activity integration,LOW,P2,Monthly schedule with lines; no dedicated UI page
work_journal,Журнал работ с фото,Work Execution / Volumes,MUST,construction.work.journal,MATCHED,"GeneralJournal, GeneralJournalEntry",journal,11,,"JournalStatus: [DRAFT,ACTIVE,CLOSED,ARCHIVED]",,No dedicated UI page,LOW,P2,Work journal mapped to general journal; API but no dedicated UI
work_order,Наряд на выполнение работ,Work Execution / Volumes,MUST,construction.work.order,MATCHED,WorkOrder,ops,15,"operations/work-orders, operations/work-orders/:id, operations/work-orders/new","WorkOrderStatus: [DRAFT,PLANNED,IN_PROGRESS,ON_HOLD,COMPLETED,CANCELLED]",,Full coverage,LOW,P2,Work orders in ops with full workflow
journal_general,Общий журнал работ (КС-6),Work Execution / Volumes,SHOULD,construction.journal.general,MATCHED,"GeneralJournal, GeneralJournalEntry",journal,11,,"JournalStatus: [DRAFT,ACTIVE,CLOSED,ARCHIVED]",,No dedicated UI page; Odoo had chatter; verify Next comment/activity integration,LOW,P2,General construction journal
journal_special,Специальный журнал работ,Work Execution / Volumes,SHOULD,construction.journal.special,MATCHED,GeneralJournal,journal,11,,"JournalStatus: [DRAFT,ACTIVE,CLOSED,ARCHIVED]",,No dedicated UI page; Odoo had chatter; verify Next comment/activity integration,LOW,P2,Special journals use same entity; no separate type
material_certificate,Сертификат качества материала,Quality Control,MUST,construction.material.certificate,MATCHED,"MaterialCertificate, CertificateLine, QualityCertificate",quality,12,quality/certificates,"MaterialCertificateStatus: [VALID,EXPIRED,REVOKED,PENDING_VERIFICATION]",,Odoo had chatter; verify Next comment/activity integration,LOW,P2,Material certificates with verification workflow
punch_item,Замечание,Quality Control,MUST,construction.punch.item,MATCHED,"PunchItem, PunchItemComment, PunchList",punchlist,8,"punchlist/items, punchlist/items/:id, punchlist/dashboard (+1 more)","PunchItemStatus: [OPEN,IN_PROGRESS,FIXED,VERIFIED,CLOSED]; PunchListStatus: [OPEN,IN_PROGRESS,COMPLETED]",,Full coverage,LOW,P2,"Full punchlist with items, comments, fix/verify/close"
submittal,Передача документации,Quality Control,MUST,construction.submittal,MATCHED,"Submittal, SubmittalComment, SubmittalPackage, SubmittalReview","pto, pmWorkflow",49,"pm/submittals, pm/submittals/:id","SubmittalStatus: [DRAFT,SUBMITTED,UNDER_REVIEW,APPROVED,APPROVED_AS_NOTED,REJECTED,RESUBMITTED,CLOSED]; SubmittalStatus: [DRAFT,SUBMITTED,APPROVED,REJECTED,REVISED]",,Full coverage,LOW,P2,Submittals in PTO and PM workflow with review cycle
audit_checklist,Чек-лист аудита,Quality Control,SHOULD,construction.audit.checklist,MATCHED,QualityCheck,quality,12,"quality, quality/:id, quality/tolerance-rules (+2 more)","CheckStatus: [PLANNED,IN_PROGRESS,COMPLETED,CANCELLED]",,Odoo had chatter; verify Next comment/activity integration,LOW,P2,Audit checklists mapped to quality checks
audit_schedule,Расписание аудитов,Quality Control,SHOULD,construction.audit.schedule,MATCHED,QualityCheck,quality,12,"quality, quality/:id, quality/tolerance-rules (+2 more)","CheckStatus: [PLANNED,IN_PROGRESS,COMPLETED,CANCELLED]",,Odoo had chatter; verify Next comment/activity integration,LOW,P2,Audit schedules mapped to quality checks with PLANNED status
journal_input,Журнал входного контроля материалов,Quality Control,SHOULD,construction.journal.input,MATCHED,QualityCheck,quality,12,"quality, quality/:id, quality/tolerance-rules (+2 more)","CheckStatus: [PLANNED,IN_PROGRESS,COMPLETED,CANCELLED]",,Full coverage,LOW,P2,Input control journal mapped to quality checks
submittal_log,Журнал передач,Quality Control,SHOULD,construction.submittal.log,MATCHED,"SubmittalPackage, SubmittalReview",pmWorkflow,18,"pm/submittals, pm/submittals/:id","SubmittalStatus: [DRAFT,SUBMITTED,UNDER_REVIEW,APPROVED,APPROVED_AS_NOTED,REJECTED,RESUBMITTED,CLOSED]; SubmittalStatus: [DRAFT,SUBMITTED,APPROVED,REJECTED,REVISED]",,Full coverage,LOW,P2,Submittal log is list/history of submittal packages
tolerance_check,Проверка допустимого отклонения,Quality Control,SHOULD,construction.tolerance.check,MATCHED,ToleranceCheck,quality,16,quality/tolerance-checks,"ToleranceCheckStatus: [PASS,FAIL,NEEDS_RECHECK]",,Odoo had chatter; verify Next comment/activity integration,LOW,P2,Tolerance checks with pass/fail/recheck
tolerance_rule,Правило допустимого отклонения,Quality Control,SHOULD,construction.tolerance.rule,MATCHED,ToleranceRule,quality,16,quality/tolerance-rules,,,Full coverage,LOW,P2,Tolerance rules in quality module
safety_training,Инструктаж по охране труда,Safety / HSE,MUST,construction.safety.training,MATCHED,SafetyTraining,safety,22,safety,"TrainingStatus: [PLANNED,IN_PROGRESS,COMPLETED,CANCELLED]",PdfReportController,Odoo had chatter; verify Next comment/activity integration,LOW,P2,Safety training with PLANNED/IN_PROGRESS/COMPLETED
medical_examination,Медицинский осмотр,Safety / HSE,SHOULD,construction.medical.examination,MATCHED,"HrEmployeeCertificate, HrCertificateType",hrRussian,42,"hr-russian/employment-contracts, hr-russian/personnel-orders, hr-russian/staffing (+1 more)","CertificateStatus: [VALID,EXPIRING,EXPIRED]",,Odoo had chatter; verify Next comment/activity integration,LOW,P2,Medical exams tracked as employee certificates; no dedicated entity
ppr,Проект производства работ,Safety / HSE,SHOULD,construction.ppr,MATCHED,"PreventiveSchedule, MaintenanceRequest",maintenance,23,"fleet/maintenance, maintenance/requests, maintenance/equipment (+1 more)","RequestStatus: [NEW,IN_PROGRESS,REPAIRED,SCRAP]",,Full coverage,LOW,P2,PPR mapped to maintenance module schedules
tech_card,Технологическая карта,Safety / HSE,SHOULD,construction.tech.card,MATCHED,TechnicalSolution,pto,31,"pto/documents, pto/documents/:id, pto/work-permits (+1 more)","TechnicalSolutionStatus: [DRAFT,IN_REVIEW,APPROVED,REJECTED,IMPLEMENTED]",,Full coverage,LOW,P2,Tech cards mapped to TechnicalSolution in PTO
budget_item,Статья бюджета,Financial / Payments / Budget,MUST,construction.budget.item,MATCHED,"BudgetItem, Budget, BudgetLine","finance, costManagement",54,"budgets, budgets/new, budgets/:id (+1 more)","BudgetStatus: [DRAFT,APPROVED,ACTIVE,FROZEN,CLOSED]",,Full coverage,LOW,P2,Budget items in finance and costManagement
acquiring_payment,Платеж через эквайринг,Financial / Payments / Budget,SHOULD,construction.acquiring.payment,MATCHED,Payment,finance,34,"payments, payments/new, payments/:id","PaymentStatus: [DRAFT,PENDING,APPROVED,PAID,CANCELLED]",,Full coverage,LOW,P2,Acquiring payments via generic Payment entity
aging_analysis,Aging-анализ задолженности,Financial / Payments / Budget,SHOULD,construction.aging.analysis,MATCHED,"AbcXyzAnalysis, AnalyticsReport",analytics,30,"analytics, analytics/kpi-achievements, analytics/bonus-calculations",,AnalyticsReportService,Full coverage,LOW,P2,Aging analysis via analytics; no dedicated aging entity
bonus_calculation,Расчет премий,Financial / Payments / Budget,SHOULD,construction.bonus.calculation,MATCHED,BonusCalculation,analytics,30,analytics/bonus-calculations,"BonusStatus: [DRAFT,CALCULATED,APPROVED,PAID]",,Odoo had chatter; verify Next comment/activity integration,LOW,P2,Bonus calculations with DRAFT/CALCULATED/APPROVED/PAID
ens_account,Единый налоговый счёт,Financial / Payments / Budget,SHOULD,construction.ens.account,MATCHED,"EnsAccount, EnsOperation, EnsPayment",accounting,20,"accounting, accounting/chart, accounting/journal (+1 more)","EnsPaymentStatus: [DRAFT,CONFIRMED,RECONCILED]; EnsOperationStatus: [PENDING,PROCESSED,CANCELLED]",,Full coverage,LOW,P2,"ENS with accounts, operations, payments"
ens_reconciliation,Сверка ЕНС с ФНС,Financial / Payments / Budget,SHOULD,construction.ens.reconciliation,MATCHED,EnsReconciliation,accounting,20,"accounting, accounting/chart, accounting/journal (+1 more)","EnsReconciliationStatus: [DRAFT,IN_PROGRESS,MATCHED,DISCREPANCY,RESOLVED]",,Odoo had chatter; verify Next comment/activity integration,LOW,P2,ENS reconciliation with full workflow
evm,Earned Value Management,Financial / Payments / Budget,SHOULD,construction.evm,MATCHED,EvmSnapshot,planning,21,planning/evm,,,Odoo had chatter; verify Next comment/activity integration; Odoo had workflow states; verify state management,LOW,P2,EVM snapshots with dedicated dashboard page
management_pnl,Управленческий P&L,Financial / Payments / Budget,SHOULD,construction.management.pnl,MATCHED,"RevenueContract, RevenueRecognitionPeriod, RevenueAdjustment",revenueRecognition,12,"revenue/contracts, revenue/contracts/:id, revenue/periods (+1 more)","PeriodStatus: [OPEN,CLOSED]; PeriodStatus: [OPEN,CALCULATED,REVIEWED,POSTED,CLOSED]",,Odoo had chatter; verify Next comment/activity integration,LOW,P2,Management PnL mapped to revenue recognition
overhead_allocation,Распределение накладных расходов,Financial / Payments / Budget,SHOULD,construction.overhead.allocation,MATCHED,"CostAllocation, CostCenter",accounting,55,"cost-management/codes, cost-management/budget, cost-management/commitments (+4 more)",,,Odoo had chatter; verify Next comment/activity integration; Odoo had workflow states; verify state management,LOW,P2,Overhead allocation via CostAllocation and CostCenter
payroll_assignment,Назначение шаблона зарплаты,Financial / Payments / Budget,SHOULD,construction.payroll.assignment,MATCHED,"EmploymentContract, EmploymentOrder",hrRussian,26,"hr-russian/employment-contracts, hr-russian/personnel-orders, hr-russian/staffing (+1 more)","ContractStatus: [DRAFT,ON_APPROVAL,LAWYER_APPROVED,MANAGEMENT_APPROVED,FINANCE_APPROVED,APPROVED,SIGNED,ACTIVE,CLOSED,REJECTED,CANCELLED]; ContractStatus: [ACTIVE,TERMINATED,SUSPENDED,EXPIRED]",,Full coverage,LOW,P2,Payroll assignments via employment contracts/orders
payroll_template,Шаблон расчета зарплаты,Financial / Payments / Budget,SHOULD,construction.payroll.template,MISSING,,,0,,,,No entity in Next; No API endpoints; No dedicated UI page; Odoo had chatter; verify Next comment/activity integration,MEDIUM,P1,No payroll template entity in Next
self_employed_registry,Реестр выплат самозанятым,Financial / Payments / Budget,SHOULD,construction.self.employed.registry,MISSING,,,0,,,,No entity in Next; No API endpoints; No dedicated UI page; Odoo had workflow states; verify state management,MEDIUM,P1,No self-employed registry entity in Next
tax_calendar,Налоговый календарь,Financial / Payments / Budget,SHOULD,construction.tax.calendar,MATCHED,ReportingDeadline,regulatory,14,regulatory/reporting-calendar,"DeadlineStatus: [UPCOMING,DUE,SUBMITTED,OVERDUE,SKIPPED]",,Odoo had chatter; verify Next comment/activity integration,LOW,P2,Tax calendar via reporting deadlines
tax_declaration,Налоговая декларация,Financial / Payments / Budget,SHOULD,construction.tax.declaration,MATCHED,TaxDeclaration,accounting,20,"accounting, accounting/chart, accounting/journal (+1 more)","DeclarationStatus: [DRAFT,CALCULATED,SUBMITTED,ACCEPTED]",,Odoo had chatter; verify Next comment/activity integration,LOW,P2,Tax declarations with DRAFT/CALCULATED/SUBMITTED/ACCEPTED
tax_risk_assessment,Оценка риска налоговой проверки,Financial / Payments / Budget,NICE,construction.tax.risk.assessment,MISSING,,,0,,,,No entity in Next; No API endpoints; No dedicated UI page; Odoo had chatter; verify Next comment/activity integration; Odoo had workflow states; verify state management,LOW,P2,No tax risk assessment entity in Next
executive_doc,Исполнительная документация,Documents / Reports,MUST,construction.executive.doc,MATCHED,"PtoDocument, PtoDocumentVersion, ExecutiveScheme",pto,31,"pto/documents, pto/documents/:id","PtoDocumentStatus: [DRAFT,IN_REVIEW,APPROVED,REJECTED,ARCHIVED]; ExecutiveSchemeStatus: [DRAFT,VERIFIED,APPROVED,REJECTED]",,Full coverage,LOW,P2,Executive documentation in PTO with versioning
permit_doc,Разрешительная документация,Documents / Reports,MUST,construction.permit.doc,MATCHED,"WorkPermit, ConstructionPermit","pto, regulatory",45,"pto/work-permits, regulatory/permits, regulatory/permits/:id (+1 more)","WorkPermitStatus: [DRAFT,ISSUED,ACTIVE,SUSPENDED,CLOSED,EXPIRED]; PermitStatus: [ACTIVE,EXPIRED,SUSPENDED,REVOKED]",,Full coverage,LOW,P2,Work permits in PTO + construction permits in regulatory
auto_document_generation,Автоматическое формирование документов,Documents / Reports,SHOULD,construction.auto.document.generation,MATCHED,"GeneratedReport, PrintForm, ReportTemplate",report,7,"mobile/reports, mobile/reports/new, reports",,"PdfGenerationService, ReportService",Full coverage,LOW,P2,Auto document generation via report module
drawing,Чертёж,Documents / Reports,SHOULD,construction.drawing,MATCHED,"DesignDrawing, DrawingAnnotation, DrawingMarkup, DesignPackage",bim,27,"bim/design-packages, workflow/designer, workflow/designer/:id (+3 more)","DrawingStatus: [DRAFT,CURRENT,SUPERSEDED,ARCHIVED]; DesignPackageStatus: [DRAFT,IN_REVIEW,APPROVED,SUPERSEDED]",,Full coverage,LOW,P2,"Drawings in BIM with annotations, markups"
photo_point,Точка фотофиксации,Documents / Reports,SHOULD,construction.photo.point,MATCHED,"PhotoProgress, PhotoComparison, PhotoAlbum",bim,31,"bim/models, bim/models/:id, bim/design-packages (+1 more)",,,Full coverage,LOW,P2,Photo points mapped to photo progress in BIM
photo_report,Фотоотчёт,Documents / Reports,SHOULD,construction.photo.report,MATCHED,"PhotoCapture, DailyLogPhoto","mobile, dailylog",18,mobile/photos,,,Odoo had workflow states; verify state management,LOW,P2,Photo reports via mobile and daily log photos
progress_photo,Фото прогресса,Documents / Reports,SHOULD,construction.progress.photo,MATCHED,"PhotoProgress, PhotoComparison",bim,30,"bim/models, bim/models/:id, bim/design-packages (+1 more)",,,Full coverage,LOW,P2,Progress photos in BIM with comparison
report_config,Настройки отчетов,Documents / Reports,SHOULD,construction.report.config,MATCHED,"ReportTemplate, GeneratedReport, PrintForm",report,5,"mobile/reports, mobile/reports/new, reports",,ReportService,Full coverage,LOW,P2,Report config via report module templates
reporting_deadline,Дедлайн отчётности,Documents / Reports,SHOULD,construction.reporting.deadline,MATCHED,ReportingDeadline,regulatory,14,regulatory/reporting-calendar,"DeadlineStatus: [UPCOMING,DUE,SUBMITTED,OVERDUE,SKIPPED]",ReportingDeadlineJob,Full coverage,LOW,P2,Reporting deadlines with scheduled job
reporting_submission,Сдача отчётности,Documents / Reports,SHOULD,construction.reporting.submission,MATCHED,ReportingSubmission,regulatory,16,"regulatory/permits, regulatory/permits/:id, regulatory/licenses (+6 more)","SubmissionStatus: [SUBMITTED,ACCEPTED,REJECTED,CORRECTION_NEEDED]",,Odoo had chatter; verify Next comment/activity integration,LOW,P2,Reporting submissions in regulatory
mobile_photo,Фото с мобильного устройства,Documents / Reports,NICE,construction.mobile.photo,MATCHED,"PhotoCapture, MobileDevice",mobile,7,mobile/photos,,,Full coverage,LOW,P2,Mobile photo capture in mobile module
critical_path,Критический путь проекта,Planning / Schedule,SHOULD,construction.critical.path,MATCHED,ScheduleItem,calendar,31,planning/gantt,,,Full coverage,LOW,P2,Critical path via schedule item API endpoint
gantt_dependency,Зависимость задач Gantt,Planning / Schedule,SHOULD,construction.gantt.dependency,MATCHED,"WbsDependency, TaskDependency","planning, task",24,"planning/gantt, tasks/gantt",,,Full coverage,LOW,P2,Gantt dependencies via WBS and task dependencies
resource,Ресурс строительного проекта,Planning / Schedule,SHOULD,construction.resource,MATCHED,ResourceAllocation,planning,21,planning/resources,,,Odoo had chatter; verify Next comment/activity integration; Odoo had workflow states; verify state management,LOW,P2,Resource allocations with dedicated UI page
resource_leveling,Выравнивание загрузки ресурсов,Planning / Schedule,SHOULD,construction.resource.leveling,MATCHED,ResourceAllocation,planning,21,planning/resources,,,Odoo had workflow states; verify state management,LOW,P2,Resource leveling via resource allocation; no dedicated entity
monte_carlo,Вероятностный анализ сроков (Monte Carlo),Planning / Schedule,NICE,construction.monte.carlo,MISSING,,,0,,,,No entity in Next; No API endpoints; No dedicated UI page; Odoo had workflow states; verify state management,LOW,P2,No Monte Carlo simulation in Next
brigade,Строительная бригада,HR / Resources,MUST,construction.brigade,MATCHED,"CrewAssignment, CrewTimeEntry, CrewTimeSheet, HrCrewAssignment","hr, hrRussian",20,"crew, hr/crew-timesheets, hr/crew-time-entries","CrewTimeSheetStatus: [DRAFT,SUBMITTED,APPROVED,REJECTED]",,Odoo had chatter; verify Next comment/activity integration,LOW,P2,Brigades mapped to crew assignments
staffing_plan,Штатное расписание объекта,HR / Resources,MUST,construction.staffing.plan,MATCHED,StaffingTable,hrRussian,26,hr-russian/staffing,,,Odoo had chatter; verify Next comment/activity integration; Odoo had workflow states; verify state management,LOW,P2,Staffing plan via staffing table
time_entry,Табельная запись,HR / Resources,MUST,construction.time.entry,MATCHED,"CrewTimeEntry, Timesheet, HrTimesheetEntry","hr, hrRussian",46,"timesheets, hr-russian/timesheets, hr/crew-timesheets (+1 more)","TimesheetStatus: [DRAFT,SUBMITTED,APPROVED,REJECTED]",,Full coverage,LOW,P2,Time entries in hr and hrRussian
time_sheet,Сводный табель,HR / Resources,MUST,construction.time.sheet,MATCHED,"Timesheet, TimesheetPeriod, CrewTimeSheet","hr, hrRussian",46,"timesheets, hr-russian/timesheets, hr/crew-timesheets","TimesheetStatus: [DRAFT,SUBMITTED,APPROVED,REJECTED]; TimesheetPeriodStatus: [OPEN,SUBMITTED,APPROVED]; CrewTimeSheetStatus: [DRAFT,SUBMITTED,APPROVED,REJECTED]",,Full coverage,LOW,P2,Timesheets in hr and hrRussian with period management
brigade_kpi,KPI бригад,HR / Resources,SHOULD,construction.brigade.kpi,MATCHED,"KpiDefinition, KpiAchievement, KpiSnapshot",analytics,30,"kpi, analytics/kpi-achievements",,,Full coverage,LOW,P2,Brigade KPI mapped to general KPI system
employee_qualification,Квалификация сотрудника,HR / Resources,SHOULD,construction.employee.qualification,MATCHED,"EmployeeCertificate, HrEmployeeCertificate, HrCertificateType","hr, hrRussian",59,"employees, employees/new, employees/:id","CertificateStatus: [VALID,EXPIRING,EXPIRED]",,Odoo had chatter; verify Next comment/activity integration,LOW,P2,Qualifications via certificates in hr and hrRussian
kpi,KPI для строительных объектов,HR / Resources,SHOULD,construction.kpi,MATCHED,"KpiDefinition, KpiAchievement, KpiSnapshot",analytics,30,"kpi, analytics/kpi-achievements",,,Odoo had chatter; verify Next comment/activity integration,LOW,P2,KPI definitions and achievements
kpi_achievement,Достижение KPI,HR / Resources,SHOULD,construction.kpi.achievement,MATCHED,KpiAchievement,analytics,30,analytics/kpi-achievements,,,Odoo had chatter; verify Next comment/activity integration; Odoo had workflow states; verify state management,LOW,P2,KPI achievements with dedicated UI
site_assignment,Назначение сотрудника на объект,HR / Resources,SHOULD,construction.site.assignment,MATCHED,"ProjectMember, ProjectCollaborator",project,10,"projects, projects/new, projects/:id (+2 more)",,,Odoo had chatter; verify Next comment/activity integration,LOW,P2,Site assignments via project members/collaborators
portal_access,Доступ подрядчика к порталу,Communication / AI / Integration,SHOULD,construction.portal.access,MATCHED,"PortalUser, PortalProject, PortalDocument, PortalMessage",portal,20,"portal, portal/projects, portal/documents (+2 more)","PortalUserStatus: [PENDING,ACTIVE,BLOCKED]",,Full coverage,LOW,P2,"Full portal module with users, projects, documents"
advanced_analytics,Расширенная аналитика,Communication / AI / Integration,NICE,construction.advanced.analytics,MATCHED,"AnalyticsReport, BiDashboard, BiWidget, SavedReport",analytics,30,"analytics, analytics/kpi-achievements, analytics/bonus-calculations",,AnalyticsReportService,Full coverage,LOW,P2,"Advanced analytics with BI dashboards, widgets"
ai_assistant,AI ассистент,Communication / AI / Integration,NICE,construction.ai.assistant,MATCHED,"AiConversation, AiMessage, AiDocumentAnalysis, AiPrediction, AiTemplate, AiUsageLog",ai,57,ai-assistant,"ConversationStatus: [ACTIVE,ARCHIVED]; AnalysisStatus: [PENDING,PROCESSING,COMPLETED,FAILED]",,Odoo had chatter; verify Next comment/activity integration,LOW,P2,"Full AI module with conversations, analysis, predictions"
api_key,API ключ,Communication / AI / Integration,NICE,construction.api.key,PARTIAL,ApiKey,apiManagement,0,settings/api-keys,,,No API endpoints,LOW,P2,API key management in apiManagement
digital_twin,Цифровой двойник,Communication / AI / Integration,NICE,construction.digital.twin,MATCHED,"BimModel, BimElement, BimClash, BimVersion, BimViewer",bim,27,"bim/models, bim/models/:id, bim/design-packages (+1 more)","BimModelStatus: [DRAFT,IMPORTED,PROCESSED,LINKED]; ClashStatus: [NEW,REVIEWED,RESOLVED,APPROVED]",,Full coverage,LOW,P2,"Digital twin via BIM with models, elements, clash detection"
iot_alert,IoT предупреждение,Communication / AI / Integration,NICE,construction.iot.alert,MATCHED,"IoTAlert, IoTAlertRule",iot,8,iot/alerts,"AlertStatus: [ACTIVE,ACKNOWLEDGED,RESOLVED]",,Odoo had chatter; verify Next comment/activity integration,LOW,P2,IoT alerts with rules
iot_device,IoT устройство,Communication / AI / Integration,NICE,construction.iot.device,MATCHED,"IoTDevice, IoTSensorData, IoTDashboard",iot,7,"iot/devices, iot/devices/:id","DeviceStatus: [ONLINE,OFFLINE,MAINTENANCE,DECOMMISSIONED]",,Odoo had chatter; verify Next comment/activity integration,LOW,P2,IoT devices with sensor data and dashboards
iot_telemetry,IoT телеметрия,Communication / AI / Integration,NICE,construction.iot.telemetry,MATCHED,IoTSensorData,iot,7,iot/sensors,,,Full coverage,LOW,P2,IoT telemetry via IoTSensorData
mfa_log,Журнал событий МФА,Communication / AI / Integration,NICE,construction.mfa.log,MATCHED,"MfaAttempt, MfaConfig",auth,19,,,,No dedicated UI page,LOW,P2,MFA logs via auth module; API but no dedicated UI
mobile_push_device,Устройство мобильного пуша,Communication / AI / Integration,NICE,construction.mobile.push.device,MATCHED,"MobileDevice, PushNotification",mobile,7,"mobile/reports, mobile/reports/new, mobile/photos (+1 more)",,,Full coverage,LOW,P2,Mobile devices with push notifications
mobile_push_notification,Пуш уведомление,Communication / AI / Integration,NICE,construction.mobile.push.notification,MATCHED,"PushNotification, Notification","mobile, notification",22,notifications,"PushNotificationStatus: [PENDING,SENT,DELIVERED,FAILED]",,Full coverage,LOW,P2,Push notifications in mobile + notification system
mobile_report,Мобильный отчет,Communication / AI / Integration,NICE,construction.mobile.report,MATCHED,"PhotoCapture, MobileFormConfig",mobile,7,"mobile/reports, mobile/reports/new",,,Odoo had workflow states; verify state management,LOW,P2,Mobile reports with form configs and photo capture
offline_sync_queue,Очередь синхронизации офлайн данных,Communication / AI / Integration,NICE,construction.offline.sync.queue,MATCHED,OfflineAction,mobile,7,,"OfflineActionStatus: [PENDING,SYNCED,CONFLICT]",,No dedicated UI page,LOW,P2,Offline sync via OfflineAction with PENDING/SYNCED/CONFLICT
sync_config,Конфигурация синхронизации PWA,Communication / AI / Integration,NICE,construction.sync.config,MATCHED,"SyncMapping, SyncJob, IntegrationConfig","integration, settings",63,"admin/integrations, data-exchange/import, data-exchange/export (+3 more)","SyncJobStatus: [PENDING,RUNNING,COMPLETED,FAILED,CANCELLED]",,Full coverage,LOW,P2,Sync config via integration module with mappings and jobs
sync_log,Журнал синхронизации PWA,Communication / AI / Integration,NICE,construction.sync.log,MATCHED,"SyncJob, OneCExchangeLog",integration,38,data-exchange/1c-logs,"SyncJobStatus: [PENDING,RUNNING,COMPLETED,FAILED,CANCELLED]; OneCExchangeStatus: [STARTED,IN_PROGRESS,COMPLETED,FAILED]",,Full coverage,LOW,P2,Sync logs via SyncJob and 1C exchange log
webhook,Webhook,Communication / AI / Integration,NICE,construction.webhook,MATCHED,"WebhookEndpoint, WebhookConfig, WebhookDelivery","integration, apiManagement",35,settings/webhooks,"WebhookDeliveryStatus: [PENDING,SENT,FAILED,RETRYING]; WebhookDeliveryStatus: [PENDING,DELIVERED,FAILED,RETRYING]",,Full coverage,LOW,P2,Webhooks in integration and apiManagement
