acl_name,model,group_name,perm_read,perm_write,perm_create,perm_unlink
construction.acquiring.payment.user,construction.acquiring.payment,"{""en_US"": ""Role / User""}",t,t,t,f
construction.acquiring.payment.manager,construction.acquiring.payment,"{""en_US"": ""Role / User""}",t,t,t,t
construction.acquiring.refund.wizard.user,construction.acquiring.refund.wizard,"{""en_US"": ""Role / User""}",t,t,t,t
construction.advanced.analytics.user,construction.advanced.analytics,"{""en_US"": ""Role / User""}",t,f,f,f
construction.aging.analysis.user,construction.aging.analysis,"{""en_US"": ""Role / User""}",t,t,t,f
construction.aging.analysis.manager,construction.aging.analysis,"{""en_US"": ""Role / User""}",t,t,t,t
construction.ai.assistant,construction.ai.assistant,"{""en_US"": ""Role / User""}",t,t,t,t
construction.api.key.user,construction.api.key,"{""en_US"": ""Role / User""}",t,f,f,f
construction.api.key.manager,construction.api.key,"{""en_US"": ""Role / User""}",t,t,t,t
construction.api.rate.limit.user,construction.api.rate.limit,"{""en_US"": ""Role / User""}",t,f,f,f
construction.api.rate.limit.manager,construction.api.rate.limit,"{""en_US"": ""Role / User""}",t,t,t,t
construction.api.rate.limit.log.manager,construction.api.rate.limit.log,"{""en_US"": ""Role / User""}",t,t,t,t
construction.api.rate.limit.log.user,construction.api.rate.limit.log,"{""en_US"": ""Role / User""}",t,f,f,f
construction.audit.checklist.user,construction.audit.checklist,"{""en_US"": ""Role / User""}",t,t,t,f
construction.audit.checklist.manager,construction.audit.checklist,"{""en_US"": ""Просмотр логов аудита""}",t,t,t,t
construction.audit.checklist.item.user,construction.audit.checklist.item,"{""en_US"": ""Role / User""}",t,t,t,f
construction.audit.checklist.item.manager,construction.audit.checklist.item,"{""en_US"": ""Просмотр логов аудита""}",t,t,t,t
construction.audit.log.user,construction.audit.log,"{""en_US"": ""Role / User""}",t,f,f,f
construction.audit.log.manager,construction.audit.log,"{""en_US"": ""Role / User""}",t,f,t,f
construction.audit.schedule.user,construction.audit.schedule,"{""en_US"": ""Role / User""}",t,t,t,f
construction.audit.schedule.manager,construction.audit.schedule,"{""en_US"": ""Просмотр логов аудита""}",t,t,t,t
construction.auto.approval.rule.user,construction.auto.approval.rule,"{""en_US"": ""Role / User""}",t,t,t,t
construction.auto.approval.rule.manager,construction.auto.approval.rule,"{""en_US"": ""Role / User""}",t,t,t,t
construction.auto.approval.service.user,construction.auto.approval.service,"{""en_US"": ""Role / User""}",t,f,f,f
construction.auto.delivery.planning.service.user,construction.auto.delivery.planning.service,"{""en_US"": ""Role / User""}",t,t,t,t
construction.auto.document.generation.user,construction.auto.document.generation,"{""en_US"": ""Role / User""}",t,t,t,t
construction.bonus.calculation.user,construction.bonus.calculation,"{""en_US"": ""Role / User""}",t,t,t,t
construction.bonus.calculation.line.user,construction.bonus.calculation.line,"{""en_US"": ""Role / User""}",t,t,t,t
construction.brigade.manager,construction.brigade,"{""en_US"": ""Role / Administrator""}",t,t,t,t
construction.brigade.user,construction.brigade,"{""en_US"": ""Role / User""}",t,t,t,f
construction.brigade.kpi,construction.brigade.kpi,"{""en_US"": ""Role / User""}",t,t,t,t
construction.budget.item,construction.budget.item,"{""en_US"": ""Role / User""}",t,t,t,f
construction.budget.item.manager,construction.budget.item,"{""en_US"": ""Role / User""}",t,t,t,t
construction.change.request.manager,construction.change.request,"{""en_US"": ""Role / User""}",t,t,t,t
construction.change.request.user,construction.change.request,"{""en_US"": ""Role / User""}",t,t,t,f
construction.contract.penalty.manager,construction.contract.penalty,"{""en_US"": ""Role / User""}",t,t,t,t
construction.contract.penalty.user,construction.contract.penalty,"{""en_US"": ""Role / User""}",t,t,t,f
construction.crew.manager,construction.crew,"{""en_US"": ""Role / Administrator""}",t,t,t,t
construction.crew.user,construction.crew,"{""en_US"": ""Role / User""}",t,t,t,f
construction.critical.path,construction.critical.path,"{""en_US"": ""Role / User""}",t,t,t,t
construction.daily.log.manager,construction.daily.log,"{""en_US"": ""Role / Administrator""}",t,t,t,t
construction.daily.log.user,construction.daily.log,"{""en_US"": ""Role / User""}",t,t,t,f
construction.daily.log.equipment.manager,construction.daily.log.equipment,"{""en_US"": ""Role / Administrator""}",t,t,t,t
construction.daily.log.equipment.user,construction.daily.log.equipment,"{""en_US"": ""Role / User""}",t,t,t,f
construction.daily.log.event.manager,construction.daily.log.event,"{""en_US"": ""Role / Administrator""}",t,t,t,t
construction.daily.log.event.user,construction.daily.log.event,"{""en_US"": ""Role / User""}",t,t,t,f
construction.daily.log.photo.manager,construction.daily.log.photo,"{""en_US"": ""Role / Administrator""}",t,t,t,t
construction.daily.log.photo.user,construction.daily.log.photo,"{""en_US"": ""Role / User""}",t,t,t,f
construction.daily.log.visitor.manager,construction.daily.log.visitor,"{""en_US"": ""Role / Administrator""}",t,t,t,t
construction.daily.log.visitor.user,construction.daily.log.visitor,"{""en_US"": ""Role / User""}",t,t,t,f
construction.daily.log.work.manager,construction.daily.log.work,"{""en_US"": ""Role / Administrator""}",t,t,t,t
construction.daily.log.work.user,construction.daily.log.work,"{""en_US"": ""Role / User""}",t,t,t,f
construction.daily.log.workforce.manager,construction.daily.log.workforce,"{""en_US"": ""Role / Administrator""}",t,t,t,t
construction.daily.log.workforce.user,construction.daily.log.workforce,"{""en_US"": ""Role / User""}",t,t,t,f
construction.demo.seed.user,construction.demo.seed,"{""en_US"": ""Role / User""}",t,t,t,t
construction.digital.twin.manager,construction.digital.twin,"{""en_US"": ""Role / User""}",t,t,t,t
construction.digital.twin.user,construction.digital.twin,"{""en_US"": ""Role / User""}",t,t,t,f
construction.dispatch.order.manager,construction.dispatch.order,"{""en_US"": ""Role / Administrator""}",t,t,t,t
construction.dispatch.order.user,construction.dispatch.order,"{""en_US"": ""Role / User""}",t,t,t,f
construction.drawing.manager,construction.drawing,"{""en_US"": ""Role / Administrator""}",t,t,t,t
construction.drawing.user,construction.drawing,"{""en_US"": ""Role / User""}",t,t,t,f
construction.drawing.annotation.manager,construction.drawing.annotation,"{""en_US"": ""Role / Administrator""}",t,t,t,t
construction.drawing.annotation.user,construction.drawing.annotation,"{""en_US"": ""Role / User""}",t,t,t,f
construction.employee.qualification.manager,construction.employee.qualification,"{""en_US"": ""Role / Administrator""}",t,t,t,t
construction.employee.qualification.user,construction.employee.qualification,"{""en_US"": ""Role / User""}",t,t,t,f
construction.ens.account.manager,construction.ens.account,"{""en_US"": ""Role / Administrator""}",t,t,t,t
construction.ens.account.user,construction.ens.account,"{""en_US"": ""Role / User""}",t,t,t,f
construction.ens.operation.manager,construction.ens.operation,"{""en_US"": ""Role / Administrator""}",t,t,t,t
construction.ens.operation.user,construction.ens.operation,"{""en_US"": ""Role / User""}",t,t,t,f
construction.ens.reconciliation.manager,construction.ens.reconciliation,"{""en_US"": ""Role / Administrator""}",t,t,t,t
construction.ens.reconciliation.user,construction.ens.reconciliation,"{""en_US"": ""Role / User""}",t,t,t,f
construction.equipment.control.manager,construction.equipment.control,"{""en_US"": ""Role / Administrator""}",t,t,t,t
construction.equipment.control.user,construction.equipment.control,"{""en_US"": ""Role / User""}",t,t,t,f
construction.error.log.user,construction.error.log,"{""en_US"": ""Role / User""}",t,f,f,f
construction.error.log.manager,construction.error.log,"{""en_US"": ""Role / User""}",t,t,t,t
construction.estimate.manager,construction.estimate,"{""en_US"": ""Role / User""}",t,t,t,t
construction.estimate.user,construction.estimate,"{""en_US"": ""Role / User""}",t,t,t,f
construction.estimate.arps.import.preview.line.user,construction.estimate.arps.import.preview.line,"{""en_US"": ""Role / User""}",t,t,t,t
construction.estimate.arps.import.wizard.user,construction.estimate.arps.import.wizard,"{""en_US"": ""Role / User""}",t,t,t,t
construction.estimate.item.manager,construction.estimate.item,"{""en_US"": ""Role / User""}",t,t,t,t
construction.estimate.item.user,construction.estimate.item,"{""en_US"": ""Role / User""}",t,t,t,f
construction.estimate.norm.manager,construction.estimate.norm,"{""en_US"": ""Role / User""}",t,t,t,t
construction.estimate.norm.user,construction.estimate.norm,"{""en_US"": ""Role / User""}",t,t,t,f
construction.estimate.version.user,construction.estimate.version,"{""en_US"": ""Role / User""}",t,t,t,f
construction.estimate.version.manager,construction.estimate.version,"{""en_US"": ""Role / User""}",t,t,t,t
construction.event.bus.user,construction.event.bus,"{""en_US"": ""Role / User""}",t,t,t,t
construction.evm.user,construction.evm,"{""en_US"": ""Role / User""}",t,t,t,f
construction.evm.manager,construction.evm,"{""en_US"": ""Role / User""}",t,t,t,t
construction.executive.doc.user,construction.executive.doc,"{""en_US"": ""Role / User""}",t,t,t,t
construction.executive.doc.line.user,construction.executive.doc.line,"{""en_US"": ""Role / User""}",t,t,t,f
construction.executive.doc.line.manager,construction.executive.doc.line,"{""en_US"": ""Role / User""}",t,t,t,t
construction.gantt.dependency.manager,construction.gantt.dependency,"{""en_US"": ""Role / User""}",t,t,t,t
construction.gantt.dependency.user,construction.gantt.dependency,"{""en_US"": ""Role / User""}",t,f,f,f
construction.hidden.work.act.manager,construction.hidden.work.act,"{""en_US"": ""Role / User""}",t,t,t,t
construction.hidden.work.act.user,construction.hidden.work.act,"{""en_US"": ""Role / User""}",t,t,t,f
construction.home.dashboard.user,construction.home.dashboard,"{""en_US"": ""Role / User""}",t,t,t,t
construction.iot.alert.user,construction.iot.alert,"{""en_US"": ""Role / User""}",t,t,t,f
construction.iot.alert.manager,construction.iot.alert,"{""en_US"": ""Role / User""}",t,t,t,t
construction.iot.device.user,construction.iot.device,"{""en_US"": ""Role / User""}",t,t,t,f
construction.iot.device.manager,construction.iot.device,"{""en_US"": ""Role / User""}",t,t,t,t
construction.iot.telemetry.manager,construction.iot.telemetry,"{""en_US"": ""Role / User""}",t,t,t,t
construction.iot.telemetry.user,construction.iot.telemetry,"{""en_US"": ""Role / User""}",t,t,t,f
construction.journal.general.user,construction.journal.general,"{""en_US"": ""Role / User""}",t,t,t,t
construction.journal.input.user,construction.journal.input,"{""en_US"": ""Role / User""}",t,t,t,t
construction.journal.input.line.user,construction.journal.input.line,"{""en_US"": ""Role / User""}",t,t,t,t
construction.journal.special.user,construction.journal.special,"{""en_US"": ""Role / User""}",t,t,t,t
construction.kpi.user,construction.kpi,"{""en_US"": ""Role / User""}",t,t,t,t
construction.kpi.achievement.user,construction.kpi.achievement,"{""en_US"": ""Role / User""}",t,t,t,t
construction.ks11.user,construction.ks11,"{""en_US"": ""Role / User""}",t,t,t,f
construction.ks11.manager,construction.ks11,"{""en_US"": ""Role / User""}",t,t,t,t
construction.ks11.attachment.user,construction.ks11.attachment,"{""en_US"": ""Role / User""}",t,t,t,f
construction.ks11.attachment.manager,construction.ks11.attachment,"{""en_US"": ""Role / User""}",t,t,t,t
construction.ks11.commission.user,construction.ks11.commission,"{""en_US"": ""Role / User""}",t,t,t,f
construction.ks11.commission.manager,construction.ks11.commission,"{""en_US"": ""Role / User""}",t,t,t,t
construction.ks2.portal,construction.ks2,"{""en_US"": ""Role / Portal""}",t,f,f,f
construction.ks2.manager,construction.ks2,"{""en_US"": ""Role / User""}",t,t,t,t
construction.ks2.user,construction.ks2,"{""en_US"": ""Role / User""}",t,t,t,f
construction.ks2.line.portal,construction.ks2.line,"{""en_US"": ""Role / Portal""}",t,f,f,f
construction.ks2.line.user,construction.ks2.line,"{""en_US"": ""Role / User""}",t,t,t,f
construction.ks2.line.manager,construction.ks2.line,"{""en_US"": ""Role / User""}",t,t,t,t
construction.ks3.portal,construction.ks3,"{""en_US"": ""Role / Portal""}",t,f,f,f
construction.ks3.manager,construction.ks3,"{""en_US"": ""Role / User""}",t,t,t,t
construction.ks3.user,construction.ks3,"{""en_US"": ""Role / User""}",t,t,t,f
construction.ks6.manager,construction.ks6,"{""en_US"": ""Role / User""}",t,t,t,t
construction.ks6.user,construction.ks6,"{""en_US"": ""Role / User""}",t,t,t,f
construction.ks6.equipment.line.manager,construction.ks6.equipment.line,"{""en_US"": ""Role / User""}",t,t,t,t
construction.ks6.equipment.line.user,construction.ks6.equipment.line,"{""en_US"": ""Role / User""}",t,t,t,f
construction.ks6.material.line.user,construction.ks6.material.line,"{""en_US"": ""Role / User""}",t,t,t,f
construction.ks6.material.line.manager,construction.ks6.material.line,"{""en_US"": ""Role / User""}",t,t,t,t
construction.ks6.photo.manager,construction.ks6.photo,"{""en_US"": ""Role / User""}",t,t,t,t
construction.ks6.photo.user,construction.ks6.photo,"{""en_US"": ""Role / User""}",t,t,t,f
construction.ks6.quality.check.user,construction.ks6.quality.check,"{""en_US"": ""Role / User""}",t,t,t,f
construction.ks6.quality.check.manager,construction.ks6.quality.check,"{""en_US"": ""Role / User""}",t,t,t,t
construction.ks6.work.line.user,construction.ks6.work.line,"{""en_US"": ""Role / User""}",t,t,t,f
construction.ks6.work.line.manager,construction.ks6.work.line,"{""en_US"": ""Role / User""}",t,t,t,t
construction.ks6.worker.line.user,construction.ks6.worker.line,"{""en_US"": ""Role / User""}",t,t,t,f
construction.ks6.worker.line.manager,construction.ks6.worker.line,"{""en_US"": ""Role / User""}",t,t,t,t
construction.ks6a.user,construction.ks6a,"{""en_US"": ""Role / User""}",t,t,t,f
construction.ks6a.manager,construction.ks6a,"{""en_US"": ""Role / User""}",t,t,t,t
construction.ks6a.line.user,construction.ks6a.line,"{""en_US"": ""Role / User""}",t,t,t,f
construction.ks6a.line.manager,construction.ks6a.line,"{""en_US"": ""Role / User""}",t,t,t,t
construction.lrv.manager,construction.lrv,"{""en_US"": ""Role / Administrator""}",t,t,t,t
construction.lrv.user,construction.lrv,"{""en_US"": ""Role / User""}",t,t,t,f
construction.lrv.line.manager,construction.lrv.line,"{""en_US"": ""Role / Administrator""}",t,t,t,t
construction.lrv.line.user,construction.lrv.line,"{""en_US"": ""Role / User""}",t,t,t,f
construction.m29.user,construction.m29,"{""en_US"": ""Role / User""}",t,t,t,f
construction.m29.manager,construction.m29,"{""en_US"": ""Role / User""}",t,t,t,t
construction.m29,construction.m29,"{""en_US"": ""Role / User""}",t,t,t,t
construction.m29.from.ks2.preview.line.user,construction.m29.from.ks2.preview.line,"{""en_US"": ""Role / User""}",t,t,t,t
construction.m29.from.ks2.wizard.user,construction.m29.from.ks2.wizard,"{""en_US"": ""Role / User""}",t,t,t,t
construction.m29.line.user,construction.m29.line,"{""en_US"": ""Role / User""}",t,t,t,f
construction.m29.line,construction.m29.line,"{""en_US"": ""Role / User""}",t,t,t,t
construction.m29.line.manager,construction.m29.line,"{""en_US"": ""Role / User""}",t,t,t,t
construction.management.pnl.manager,construction.management.pnl,"{""en_US"": ""Role / User""}",t,t,t,t
construction.management.pnl.user,construction.management.pnl,"{""en_US"": ""Role / User""}",t,t,t,f
construction.material.analog.manager,construction.material.analog,"{""en_US"": ""Role / Administrator""}",t,t,t,t
construction.material.analog.user,construction.material.analog,"{""en_US"": ""Role / User""}",t,t,t,f
construction.material.analog.line.manager,construction.material.analog.line,"{""en_US"": ""Role / Administrator""}",t,t,t,t
construction.material.analog.line.user,construction.material.analog.line,"{""en_US"": ""Role / User""}",t,t,t,f
construction.material.certificate.manager,construction.material.certificate,"{""en_US"": ""Role / Administrator""}",t,t,t,t
construction.material.certificate.user,construction.material.certificate,"{""en_US"": ""Role / User""}",t,t,t,f
construction.material.certificate.line.manager,construction.material.certificate.line,"{""en_US"": ""Role / Administrator""}",t,t,t,t
construction.material.certificate.line.user,construction.material.certificate.line,"{""en_US"": ""Role / User""}",t,t,t,f
construction.material.norm,construction.material.norm,"{""en_US"": ""Role / User""}",t,t,t,t
construction.material.reservation.manager,construction.material.reservation,"{""en_US"": ""Role / Administrator""}",t,t,t,t
construction.material.reservation.user,construction.material.reservation,"{""en_US"": ""Role / User""}",t,t,t,f
construction.material.reservation.line.manager,construction.material.reservation.line,"{""en_US"": ""Role / Administrator""}",t,t,t,t
construction.material.reservation.line.user,construction.material.reservation.line,"{""en_US"": ""Role / User""}",t,t,t,f
construction.medical.examination.manager,construction.medical.examination,"{""en_US"": ""Role / Administrator""}",t,t,t,t
construction.medical.examination.user,construction.medical.examination,"{""en_US"": ""Role / User""}",t,t,t,f
construction.mfa.log user,construction.mfa.log,"{""en_US"": ""Role / User""}",t,f,f,f
construction.mfa.log admin,construction.mfa.log,"{""en_US"": ""МФА Администратор""}",t,t,t,t
construction.mfa.setup.wizard user,construction.mfa.setup.wizard,"{""en_US"": ""Role / User""}",t,t,t,t
construction.mobile.photo.user,construction.mobile.photo,"{""en_US"": ""Role / User""}",t,t,t,t
construction.mobile.photo.public,construction.mobile.photo,,t,f,f,f
mobile.push.device.user,construction.mobile.push.device,"{""en_US"": ""Role / User""}",t,t,t,f
mobile.push.device.manager,construction.mobile.push.device,"{""en_US"": ""Role / User""}",t,t,t,t
mobile.push.notification.manager,construction.mobile.push.notification,"{""en_US"": ""Role / User""}",t,t,t,t
mobile.push.notification.user,construction.mobile.push.notification,"{""en_US"": ""Role / User""}",t,t,t,f
construction.mobile.report.user,construction.mobile.report,"{""en_US"": ""Role / User""}",t,t,t,t
construction.monte.carlo.manager,construction.monte.carlo,"{""en_US"": ""Role / Administrator""}",t,t,t,t
construction.monte.carlo.user,construction.monte.carlo,"{""en_US"": ""Role / User""}",t,t,t,f
construction.monte.carlo.sensitivity.manager,construction.monte.carlo.sensitivity,"{""en_US"": ""Role / Administrator""}",t,t,t,t
construction.monte.carlo.sensitivity.user,construction.monte.carlo.sensitivity,"{""en_US"": ""Role / User""}",t,t,t,f
construction.monte.carlo.task.input.manager,construction.monte.carlo.task.input,"{""en_US"": ""Role / Administrator""}",t,t,t,t
construction.monte.carlo.task.input.user,construction.monte.carlo.task.input,"{""en_US"": ""Role / User""}",t,t,t,f
construction.monthly.schedule.user,construction.monthly.schedule,"{""en_US"": ""Role / User""}",t,t,t,t
construction.monthly.schedule.line.user,construction.monthly.schedule.line,"{""en_US"": ""Role / User""}",t,t,t,t
construction.norm.import.preview.user,construction.norm.import.preview,"{""en_US"": ""Role / User""}",t,t,t,t
construction.norm.import.wizard.user,construction.norm.import.wizard,"{""en_US"": ""Role / User""}",t,t,t,t
construction.notification.log.manager,construction.notification.log,"{""en_US"": ""Role / Administrator""}",t,t,t,t
construction.notification.log.user,construction.notification.log,"{""en_US"": ""Role / User""}",t,t,t,f
construction.offline.sync.queue.user,construction.offline.sync.queue,"{""en_US"": ""Role / User""}",t,t,t,t
construction.overhead.allocation,construction.overhead.allocation,"{""en_US"": ""Role / User""}",t,t,t,t
construction.overhead.allocation.line,construction.overhead.allocation.line,"{""en_US"": ""Role / User""}",t,t,t,t
construction.payroll.assignment,construction.payroll.assignment,"{""en_US"": ""Role / User""}",t,t,t,t
construction.payroll.template,construction.payroll.template,"{""en_US"": ""Role / User""}",t,t,t,t
construction.performance.log.user,construction.performance.log,"{""en_US"": ""Role / User""}",t,f,f,f
construction.performance.log.manager,construction.performance.log,"{""en_US"": ""Role / User""}",t,t,t,t
construction.permit.doc.user,construction.permit.doc,"{""en_US"": ""Role / User""}",t,t,t,t
construction.photo.point.manager,construction.photo.point,"{""en_US"": ""Role / Administrator""}",t,t,t,t
construction.photo.point.user,construction.photo.point,"{""en_US"": ""Role / User""}",t,t,t,f
construction.photo.report.manager,construction.photo.report,"{""en_US"": ""Role / Administrator""}",t,t,t,t
construction.photo.report.user,construction.photo.report,"{""en_US"": ""Role / User""}",t,t,t,f
construction.photo.tag.manager,construction.photo.tag,"{""en_US"": ""Role / Administrator""}",t,t,t,t
construction.photo.tag.user,construction.photo.tag,"{""en_US"": ""Role / User""}",t,t,t,t
construction.photo.tag.user,construction.photo.tag,"{""en_US"": ""Role / User""}",t,t,t,f
construction.portal.access.portal,construction.portal.access,"{""en_US"": ""Role / Portal""}",t,f,f,f
construction.portal.access.manager,construction.portal.access,"{""en_US"": ""Role / User""}",t,t,t,t
construction.power.of.attorney,construction.power.of.attorney,"{""en_US"": ""Role / User""}",t,t,t,t
construction.power.of.attorney.line,construction.power.of.attorney.line,"{""en_US"": ""Role / User""}",t,t,t,t
construction.ppr.user,construction.ppr,"{""en_US"": ""Role / User""}",t,t,t,t
construction.price.coefficient.manager,construction.price.coefficient,"{""en_US"": ""Role / User""}",t,t,t,t
construction.price.coefficient.user,construction.price.coefficient,"{""en_US"": ""Role / User""}",t,t,t,f
construction.progress.photo.manager,construction.progress.photo,"{""en_US"": ""Role / Administrator""}",t,t,t,t
construction.progress.photo.user,construction.progress.photo,"{""en_US"": ""Role / User""}",t,t,t,f
construction.project.portal,construction.project,"{""en_US"": ""Role / Portal""}",t,f,f,f
construction.project.manager,construction.project,"{""en_US"": ""Role / User""}",t,t,t,t
construction.project.user,construction.project,"{""en_US"": ""Role / User""}",t,t,t,f
construction.project.map.view.user,construction.project.map.view,"{""en_US"": ""Role / User""}",t,t,t,t
construction.project.plan.fact.line.manager,construction.project.plan.fact.line,"{""en_US"": ""Финансы / План-факт (Менеджер)""}",t,t,t,t
construction.project.plan.fact.line.user,construction.project.plan.fact.line,"{""en_US"": ""Финансы / План-факт (Пользователь)""}",t,t,t,f
construction.project.setup.wizard.user,construction.project.setup.wizard,"{""en_US"": ""Role / User""}",t,t,t,t
construction.punch.category.manager,construction.punch.category,"{""en_US"": ""Role / Administrator""}",t,t,t,t
construction.punch.category.user,construction.punch.category,"{""en_US"": ""Role / User""}",t,t,t,f
construction.punch.item.manager,construction.punch.item,"{""en_US"": ""Role / Administrator""}",t,t,t,t
construction.punch.item.user,construction.punch.item,"{""en_US"": ""Role / User""}",t,t,t,f
construction.punch.photo.manager,construction.punch.photo,"{""en_US"": ""Role / Administrator""}",t,t,t,t
construction.punch.photo.user,construction.punch.photo,"{""en_US"": ""Role / User""}",t,t,t,f
construction.report.config.manager,construction.report.config,"{""en_US"": ""Role / Administrator""}",t,t,t,t
construction.report.config.user,construction.report.config,"{""en_US"": ""Role / User""}",t,f,f,f
construction.reporting.deadline.manager,construction.reporting.deadline,"{""en_US"": ""Role / Administrator""}",t,t,t,t
construction.reporting.deadline.user,construction.reporting.deadline,"{""en_US"": ""Role / User""}",t,f,f,f
construction.reporting.submission.manager,construction.reporting.submission,"{""en_US"": ""Role / Administrator""}",t,t,t,t
construction.reporting.submission.user,construction.reporting.submission,"{""en_US"": ""Role / User""}",t,t,t,f
construction.resource,construction.resource,"{""en_US"": ""Role / User""}",t,t,t,t
construction.resource.allocation,construction.resource.allocation,"{""en_US"": ""Role / User""}",t,t,t,t
construction.resource.calendar,construction.resource.calendar,"{""en_US"": ""Role / User""}",t,t,t,t
construction.resource.calendar.wizard.user,construction.resource.calendar.wizard,"{""en_US"": ""Role / User""}",t,t,t,t
construction.resource.calendar.wizard.user,construction.resource.calendar.wizard,"{""en_US"": ""Role / User""}",t,t,t,t
construction.resource.leveling.manager,construction.resource.leveling,"{""en_US"": ""Role / Administrator""}",t,t,t,t
construction.resource.leveling.user,construction.resource.leveling,"{""en_US"": ""Role / User""}",t,t,t,f
construction.resource.leveling.overload.manager,construction.resource.leveling.overload,"{""en_US"": ""Role / Administrator""}",t,t,t,t
construction.resource.leveling.overload.user,construction.resource.leveling.overload,"{""en_US"": ""Role / User""}",t,f,f,f
construction.resource.leveling.recommendation.manager,construction.resource.leveling.recommendation,"{""en_US"": ""Role / Administrator""}",t,t,t,t
construction.resource.leveling.recommendation.user,construction.resource.leveling.recommendation,"{""en_US"": ""Role / User""}",t,f,f,f
construction.safety.training.manager,construction.safety.training,"{""en_US"": ""Role / Administrator""}",t,t,t,t
construction.safety.training.user,construction.safety.training,"{""en_US"": ""Role / User""}",t,t,t,f
construction.search.engine.manager,construction.search.engine,"{""en_US"": ""Role / Administrator""}",t,t,t,t
construction.search.engine.user,construction.search.engine,"{""en_US"": ""Role / User""}",t,t,t,f
construction.search.index.manager,construction.search.index,"{""en_US"": ""Role / Administrator""}",t,t,t,t
construction.search.index.user,construction.search.index,"{""en_US"": ""Role / User""}",t,f,f,f
construction.self.employed.registry,construction.self.employed.registry,"{""en_US"": ""Role / User""}",t,t,t,t
construction.self.employed.registry.line,construction.self.employed.registry.line,"{""en_US"": ""Role / User""}",t,t,t,t
construction.site.assignment.manager,construction.site.assignment,"{""en_US"": ""Role / Administrator""}",t,t,t,t
construction.site.assignment.user,construction.site.assignment,"{""en_US"": ""Role / User""}",t,t,t,f
construction.spec.item.portal,construction.spec.item,"{""en_US"": ""Role / Portal""}",t,f,f,f
construction.spec.item.manager,construction.spec.item,"{""en_US"": ""Role / User""}",t,t,t,t
construction.spec.item.user,construction.spec.item,"{""en_US"": ""Role / User""}",t,t,t,f
construction.specification.portal,construction.specification,"{""en_US"": ""Role / Portal""}",t,f,f,f
construction.specification.user,construction.specification,"{""en_US"": ""Role / User""}",t,t,t,f
construction.specification.manager,construction.specification,"{""en_US"": ""Role / User""}",t,t,t,t
construction.staffing.plan.manager,construction.staffing.plan,"{""en_US"": ""Role / Administrator""}",t,t,t,t
construction.staffing.plan.user,construction.staffing.plan,"{""en_US"": ""Role / User""}",t,t,t,f
construction.staffing.plan.line.manager,construction.staffing.plan.line,"{""en_US"": ""Role / Administrator""}",t,t,t,t
construction.staffing.plan.line.user,construction.staffing.plan.line,"{""en_US"": ""Role / User""}",t,t,t,f
construction.stock.limit.manager,construction.stock.limit,"{""en_US"": ""Role / Administrator""}",t,t,t,t
construction.stock.limit.user,construction.stock.limit,"{""en_US"": ""Role / User""}",t,t,t,f
construction.stock.limit.alert.manager,construction.stock.limit.alert,"{""en_US"": ""Role / Administrator""}",t,t,t,t
construction.stock.limit.alert.user,construction.stock.limit.alert,"{""en_US"": ""Role / User""}",t,t,t,f
construction.submittal.manager,construction.submittal,"{""en_US"": ""Role / Administrator""}",t,t,t,t
construction.submittal.user,construction.submittal,"{""en_US"": ""Role / User""}",t,t,t,f
construction.submittal.log.manager,construction.submittal.log,"{""en_US"": ""Role / Administrator""}",t,t,t,t
construction.submittal.log.user,construction.submittal.log,"{""en_US"": ""Role / User""}",t,t,t,f
construction.sync.config.manager,construction.sync.config,"{""en_US"": ""Role / Administrator""}",t,t,t,t
construction.sync.config.user,construction.sync.config,"{""en_US"": ""Role / User""}",t,t,t,f
construction.sync.log.manager,construction.sync.log,"{""en_US"": ""Role / Administrator""}",t,t,t,t
construction.sync.log.user,construction.sync.log,"{""en_US"": ""Role / User""}",t,f,f,f
construction.tax.calendar,construction.tax.calendar,"{""en_US"": ""Role / User""}",t,t,t,t
construction.tax.declaration,construction.tax.declaration,"{""en_US"": ""Role / User""}",t,t,t,t
construction.tax.declaration.line,construction.tax.declaration.line,"{""en_US"": ""Role / User""}",t,t,t,t
construction.tax.risk.assessment.user,construction.tax.risk.assessment,"{""en_US"": ""Role / User""}",t,t,t,f
construction.tax.risk.assessment.manager,construction.tax.risk.assessment,"{""en_US"": ""Role / User""}",t,t,t,t
construction.tax.risk.indicator.manager,construction.tax.risk.indicator,"{""en_US"": ""Role / User""}",t,t,t,t
construction.tax.risk.indicator.user,construction.tax.risk.indicator,"{""en_US"": ""Role / User""}",t,t,t,f
construction.tech.card.user,construction.tech.card,"{""en_US"": ""Role / User""}",t,t,t,t
construction.time.entry.manager,construction.time.entry,"{""en_US"": ""Role / Administrator""}",t,t,t,t
construction.time.entry.user,construction.time.entry,"{""en_US"": ""Role / User""}",t,t,t,f
construction.time.sheet.manager,construction.time.sheet,"{""en_US"": ""Role / Administrator""}",t,t,t,t
construction.time.sheet.user,construction.time.sheet,"{""en_US"": ""Role / User""}",t,t,t,f
construction.tolerance.check.manager,construction.tolerance.check,"{""en_US"": ""Role / Administrator""}",t,t,t,t
construction.tolerance.check.user,construction.tolerance.check,"{""en_US"": ""Role / User""}",t,t,t,f
construction.tolerance.rule.manager,construction.tolerance.rule,"{""en_US"": ""Role / Administrator""}",t,t,t,t
construction.tolerance.rule.user,construction.tolerance.rule,"{""en_US"": ""Role / User""}",t,f,f,f
construction.transfer.plan.manager,construction.transfer.plan,"{""en_US"": ""Role / Administrator""}",t,t,t,t
construction.transfer.plan.user,construction.transfer.plan,"{""en_US"": ""Role / User""}",t,t,t,f
construction.transfer.task.manager,construction.transfer.task,"{""en_US"": ""Role / Administrator""}",t,t,t,t
construction.transfer.task.user,construction.transfer.task,"{""en_US"": ""Role / User""}",t,t,t,f
construction.upd.manager,construction.upd,"{""en_US"": ""Role / User""}",t,t,t,t
construction.upd.user,construction.upd,"{""en_US"": ""Role / User""}",t,t,t,f
construction.upd.line.user,construction.upd.line,"{""en_US"": ""Role / User""}",t,t,t,f
construction.upd.line.manager,construction.upd.line,"{""en_US"": ""Role / User""}",t,t,t,t
construction.webhook.manager,construction.webhook,"{""en_US"": ""Role / User""}",t,t,t,t
construction.webhook.user,construction.webhook,"{""en_US"": ""Role / User""}",t,f,f,f
construction.work.journal.user,construction.work.journal,"{""en_US"": ""Role / User""}",t,t,t,t
construction.work.order,construction.work.order,"{""en_US"": ""Role / User""}",t,t,t,t
construction.work.order.line,construction.work.order.line,"{""en_US"": ""Role / User""}",t,t,t,t
